"anchor_id","anchor_hog","species","tissue","n_time_points","mean_activity","early_to_late","early_day","late_day"
"anchor_01","HOG:0020610","BDIS","leaf",5,0.72854952442182,-0.156403181994594,7.47957433613505,56.4998699010652
"anchor_01","HOG:0020610","BDIS","root",5,-0.653417271457515,0.016562160831061,7.47957433613505,56.4998699010652
"anchor_01","HOG:0020610","BMAX","leaf",5,0.78508431771336,-0.200871536370581,7.47957433613505,56.4998699010652
"anchor_01","HOG:0020610","BMAX","root",5,-0.642670897400467,0.0732132123136506,7.47957433613505,56.4998699010652
"anchor_01","HOG:0020610","BMED","leaf",5,0.736589061260908,-0.140446614213292,7.47957433613505,56.4998699010652
"anchor_01","HOG:0020610","BMED","root",5,-0.63882534205261,-0.0540103543264528,7.47957433613505,56.4998699010652
"anchor_01","HOG:0020610","BSYL","leaf",5,0.764548396426448,-0.33471631731968,7.47957433613505,56.4998699010652
"anchor_01","HOG:0020610","BSYL","root",5,-0.676604230445755,-0.105156843263293,7.47957433613505,56.4998699010652
"anchor_01","HOG:0020610","FPRA","leaf",5,0.790256840293883,-0.28391896554783,7.47957433613505,56.4998699010652
"anchor_01","HOG:0020610","FPRA","root",5,-0.632829467448772,-0.000847109745324759,7.47957433613505,56.4998699010652
"anchor_01","HOG:0020610","HJUB","leaf",5,0.69976086247057,-0.153864829233296,7.47957433613505,56.4998699010652
"anchor_01","HOG:0020610","HJUB","root",5,-0.688856418722818,0.0391009489869716,7.47957433613505,56.4998699010652
"anchor_01","HOG:0020610","HVUL","leaf",5,0.829058693378147,-0.570056470518816,7.47957433613505,56.4998699010652
"anchor_01","HOG:0020610","HVUL","root",5,-0.637893092914906,0.0126469293302045,7.47957433613505,56.4998699010652
"anchor_01","HOG:0020610","VBRO","leaf",5,0.81644713670177,-0.282440678186193,7.47957433613505,56.4998699010652
"anchor_01","HOG:0020610","VBRO","root",5,-0.635514389139278,0.0276780080468408,7.47957433613505,56.4998699010652
"anchor_02","HOG:0020076","BDIS","leaf",5,0.723221914673157,-0.130538154175032,7.47957433613505,56.4998699010652
"anchor_02","HOG:0020076","BDIS","root",5,-0.659749262142226,0.0187914575418342,7.47957433613505,56.4998699010652
"anchor_02","HOG:0020076","BMAX","leaf",5,0.774184869494429,-0.195042270091153,7.47957433613505,56.4998699010652
"anchor_02","HOG:0020076","BMAX","root",5,-0.644956448424227,0.0826632915369705,7.47957433613505,56.4998699010652
"anchor_02","HOG:0020076","BMED","leaf",5,0.733420701561174,-0.137485196961627,7.47957433613505,56.4998699010652
"anchor_02","HOG:0020076","BMED","root",5,-0.63960529783106,-0.040019502142839,7.47957433613505,56.4998699010652
"anchor_02","HOG:0020076","BSYL","leaf",5,0.755159101534436,-0.318941194151179,7.47957433613505,56.4998699010652
"anchor_02","HOG:0020076","BSYL","root",5,-0.689119644778861,-0.143444807181153,7.47957433613505,56.4998699010652
"anchor_02","HOG:0020076","FPRA","leaf",5,0.798846153598033,-0.241737952923855,7.47957433613505,56.4998699010652
"anchor_02","HOG:0020076","FPRA","root",5,-0.630076051934782,-0.000499887768968366,7.47957433613505,56.4998699010652
"anchor_02","HOG:0020076","HJUB","leaf",5,0.686401365566599,-0.116984408802908,7.47957433613505,56.4998699010652
"anchor_02","HOG:0020076","HJUB","root",5,-0.701893229306158,0.0511963520994322,7.47957433613505,56.4998699010652
"anchor_02","HOG:0020076","HVUL","leaf",5,0.817337940745185,-0.527286192966837,7.47957433613505,56.4998699010652
"anchor_02","HOG:0020076","HVUL","root",5,-0.642145868810672,0.00738820439624899,7.47957433613505,56.4998699010652
"anchor_02","HOG:0020076","VBRO","leaf",5,0.817665161790395,-0.262124844433963,7.47957433613505,56.4998699010652
"anchor_02","HOG:0020076","VBRO","root",5,-0.637461343747252,0.0264201621995998,7.47957433613505,56.4998699010652
"anchor_03","HOG:0011532","BDIS","leaf",5,0.723908034562405,-0.142220475966955,7.47957433613505,56.4998699010652
"anchor_03","HOG:0011532","BDIS","root",5,-0.653619304137987,0.0272929652836239,7.47957433613505,56.4998699010652
"anchor_03","HOG:0011532","BMAX","leaf",5,0.74913559842413,-0.141907513379213,7.47957433613505,56.4998699010652
"anchor_03","HOG:0011532","BMAX","root",5,-0.650342181960781,0.123642706003519,7.47957433613505,56.4998699010652
"anchor_03","HOG:0011532","BMED","leaf",5,0.735051491404937,-0.118967725759348,7.47957433613505,56.4998699010652
"anchor_03","HOG:0011532","BMED","root",5,-0.638242616736491,0.00269288870370299,7.47957433613505,56.4998699010652
"anchor_03","HOG:0011532","BSYL","leaf",5,0.728047443668547,-0.267251878463145,7.47957433613505,56.4998699010652
"anchor_03","HOG:0011532","BSYL","root",5,-0.717692793719818,-0.10977061622069,7.47957433613505,56.4998699010652
"anchor_03","HOG:0011532","FPRA","leaf",5,0.782865563292016,-0.254047508191762,7.47957433613505,56.4998699010652
"anchor_03","HOG:0011532","FPRA","root",5,-0.642838160393763,0.00404846475300868,7.47957433613505,56.4998699010652
"anchor_03","HOG:0011532","HJUB","leaf",5,0.683132404220915,-0.0852006484384077,7.47957433613505,56.4998699010652
"anchor_03","HOG:0011532","HJUB","root",5,-0.704626650159064,0.0575216231897222,7.47957433613505,56.4998699010652
"anchor_03","HOG:0011532","HVUL","leaf",5,0.801651491034229,-0.465737469260149,7.47957433613505,56.4998699010652
"anchor_03","HOG:0011532","HVUL","root",5,-0.651533698882924,0.0097898426345101,7.47957433613505,56.4998699010652
"anchor_03","HOG:0011532","VBRO","leaf",5,0.745366823412427,-0.238196971413765,7.47957433613505,56.4998699010652
"anchor_03","HOG:0011532","VBRO","root",5,-0.67218914918423,0.0747961644720233,7.47957433613505,56.4998699010652
"anchor_04","HOG:0019394","BDIS","leaf",5,0.72221738820285,-0.14019595473755,7.47957433613505,56.4998699010652
"anchor_04","HOG:0019394","BDIS","root",5,-0.663396870506352,0.0251829836453548,7.47957433613505,56.4998699010652
"anchor_04","HOG:0019394","BMAX","leaf",5,0.764402224267241,-0.17849774046492,7.47957433613505,56.4998699010652
"anchor_04","HOG:0019394","BMAX","root",5,-0.651765795151826,0.0826477215631423,7.47957433613505,56.4998699010652
"anchor_04","HOG:0019394","BMED","leaf",5,0.740203786244779,-0.127538008778476,7.47957433613505,56.4998699010652
"anchor_04","HOG:0019394","BMED","root",5,-0.633121193739168,-0.0128622423190224,7.47957433613505,56.4998699010652
"anchor_04","HOG:0019394","BSYL","leaf",5,0.733348861193903,-0.28180940162927,7.47957433613505,56.4998699010652
"anchor_04","HOG:0019394","BSYL","root",5,-0.698023284186842,-0.0636552647496728,7.47957433613505,56.4998699010652
"anchor_04","HOG:0019394","FPRA","leaf",5,0.778801777235952,-0.263388603986981,7.47957433613505,56.4998699010652
"anchor_04","HOG:0019394","FPRA","root",5,-0.642277133986654,0.00533114600228624,7.47957433613505,56.4998699010652
"anchor_04","HOG:0019394","HJUB","leaf",5,0.680098114693118,-0.105615807820891,7.47957433613505,56.4998699010652
"anchor_04","HOG:0019394","HJUB","root",5,-0.707098790474082,0.0659105610337037,7.47957433613505,56.4998699010652
"anchor_04","HOG:0019394","HVUL","leaf",5,0.83499926906485,-0.556418963411289,7.47957433613505,56.4998699010652
"anchor_04","HOG:0019394","HVUL","root",5,-0.63755534905338,0.00470159642608492,7.47957433613505,56.4998699010652
"anchor_04","HOG:0019394","VBRO","leaf",5,0.842443982574413,-0.262163642367235,7.47957433613505,56.4998699010652
"anchor_04","HOG:0019394","VBRO","root",5,-0.612360429274557,0.00620462416989542,7.47957433613505,56.4998699010652
"anchor_05","HOG:0006205","BDIS","leaf",5,0.708204902220094,-0.124072848145016,7.47957433613505,56.4998699010652
"anchor_05","HOG:0006205","BDIS","root",5,-0.665885836588609,0.0367546799392006,7.47957433613505,56.4998699010652
"anchor_05","HOG:0006205","BMAX","leaf",5,0.768655533525474,-0.181580479024606,7.47957433613505,56.4998699010652
"anchor_05","HOG:0006205","BMAX","root",5,-0.647414999372054,0.0751307783335032,7.47957433613505,56.4998699010652
"anchor_05","HOG:0006205","BMED","leaf",5,0.738589568461147,-0.147052424576861,7.47957433613505,56.4998699010652
"anchor_05","HOG:0006205","BMED","root",5,-0.637434627141887,-0.0430455139672637,7.47957433613505,56.4998699010652
"anchor_05","HOG:0006205","BSYL","leaf",5,0.734611132449821,-0.287379825699122,7.47957433613505,56.4998699010652
"anchor_05","HOG:0006205","BSYL","root",5,-0.729664035327865,-0.139703682154576,7.47957433613505,56.4998699010652
"anchor_05","HOG:0006205","FPRA","leaf",5,0.778356069766428,-0.242380828215697,7.47957433613505,56.4998699010652
"anchor_05","HOG:0006205","FPRA","root",5,-0.641743574619068,-0.00623074787707278,7.47957433613505,56.4998699010652
"anchor_05","HOG:0006205","HJUB","leaf",5,0.687889229554158,-0.109972239267047,7.47957433613505,56.4998699010652
"anchor_05","HOG:0006205","HJUB","root",5,-0.697541310930293,0.049236770654473,7.47957433613505,56.4998699010652
"anchor_05","HOG:0006205","HVUL","leaf",5,0.842868835135371,-0.559549216186269,7.47957433613505,56.4998699010652
"anchor_05","HOG:0006205","HVUL","root",5,-0.633740418711995,-2.62160214107299e-05,7.47957433613505,56.4998699010652
"anchor_05","HOG:0006205","VBRO","leaf",5,0.759843824068435,-0.262512833293395,7.47957433613505,56.4998699010652
"anchor_05","HOG:0006205","VBRO","root",5,-0.658280385179342,0.0469932941389613,7.47957433613505,56.4998699010652
"anchor_06","HOG:0028766","BDIS","leaf",5,0.707556222585712,-0.117762548052693,7.47957433613505,56.4998699010652
"anchor_06","HOG:0028766","BDIS","root",5,-0.662022484633241,0.0350563284656262,7.47957433613505,56.4998699010652
"anchor_06","HOG:0028766","BMAX","leaf",5,0.807009811865875,-0.224045407813253,7.47957433613505,56.4998699010652
"anchor_06","HOG:0028766","BMAX","root",5,-0.629704209582652,0.0851789366483446,7.47957433613505,56.4998699010652
"anchor_06","HOG:0028766","BMED","leaf",5,0.744257579639626,-0.142393666637116,7.47957433613505,56.4998699010652
"anchor_06","HOG:0028766","BMED","root",5,-0.632845655403265,-0.0279385119956281,7.47957433613505,56.4998699010652
"anchor_06","HOG:0028766","BSYL","leaf",5,0.763441505889882,-0.332187285492485,7.47957433613505,56.4998699010652
"anchor_06","HOG:0028766","BSYL","root",5,-0.681700638489744,-0.168118370121296,7.47957433613505,56.4998699010652
"anchor_06","HOG:0028766","FPRA","leaf",5,0.797767791628078,-0.266760295564574,7.47957433613505,56.4998699010652
"anchor_06","HOG:0028766","FPRA","root",5,-0.629751777152472,-0.00268333189035486,7.47957433613505,56.4998699010652
"anchor_06","HOG:0028766","HJUB","leaf",5,0.710150236604459,-0.168245154270315,7.47957433613505,56.4998699010652
"anchor_06","HOG:0028766","HJUB","root",5,-0.682262230398321,0.0469493760683923,7.47957433613505,56.4998699010652
"anchor_06","HOG:0028766","HVUL","leaf",5,0.839293083702094,-0.546062403734004,7.47957433613505,56.4998699010652
"anchor_06","HOG:0028766","HVUL","root",5,-0.637357816059339,0.0156820013440401,7.47957433613505,56.4998699010652
"anchor_06","HOG:0028766","VBRO","leaf",5,0.833925306635881,-0.292357798421076,7.47957433613505,56.4998699010652
"anchor_06","HOG:0028766","VBRO","root",5,-0.618342223982406,0.00313450401832716,7.47957433613505,56.4998699010652
"anchor_07","HOG:0011862","BDIS","leaf",5,0.715139268529244,-0.137662049944691,7.47957433613505,56.4998699010652
"anchor_07","HOG:0011862","BDIS","root",5,-0.669375814508159,0.0504646854777907,7.47957433613505,56.4998699010652
"anchor_07","HOG:0011862","BMAX","leaf",5,0.77813354158231,-0.190788712082886,7.47957433613505,56.4998699010652
"anchor_07","HOG:0011862","BMAX","root",5,-0.640829598353945,0.115833606863444,7.47957433613505,56.4998699010652
"anchor_07","HOG:0011862","BMED","leaf",5,0.737538525572503,-0.146404633795581,7.47957433613505,56.4998699010652
"anchor_07","HOG:0011862","BMED","root",5,-0.638342779046157,-0.0538537150560843,7.47957433613505,56.4998699010652
"anchor_07","HOG:0011862","BSYL","leaf",5,0.739508026136441,-0.302903168764538,7.47957433613505,56.4998699010652
"anchor_07","HOG:0011862","BSYL","root",5,-0.688040538093277,-0.0212828312946323,7.47957433613505,56.4998699010652
"anchor_07","HOG:0011862","FPRA","leaf",5,0.791757052729257,-0.273478231786191,7.47957433613505,56.4998699010652
"anchor_07","HOG:0011862","FPRA","root",5,-0.633212006427073,0.00634194315754777,7.47957433613505,56.4998699010652
"anchor_07","HOG:0011862","HJUB","leaf",5,0.698687851752547,-0.148201069700002,7.47957433613505,56.4998699010652
"anchor_07","HOG:0011862","HJUB","root",5,-0.698161160400939,0.0624207513948247,7.47957433613505,56.4998699010652
"anchor_07","HOG:0011862","HVUL","leaf",5,0.822826318009097,-0.562380127762846,7.47957433613505,56.4998699010652
"anchor_07","HOG:0011862","HVUL","root",5,-0.630761418330384,0.0176292757793297,7.47957433613505,56.4998699010652
"anchor_07","HOG:0011862","VBRO","leaf",5,0.830635172899305,-0.277345820752642,7.47957433613505,56.4998699010652
"anchor_07","HOG:0011862","VBRO","root",5,-0.626753241223157,0.0152055545211393,7.47957433613505,56.4998699010652
"anchor_08","HOG:0006123","BDIS","leaf",5,0.70650459453289,-0.114589799442937,7.47957433613505,56.4998699010652
"anchor_08","HOG:0006123","BDIS","root",5,-0.674723781578945,0.0502483586387822,7.47957433613505,56.4998699010652
"anchor_08","HOG:0006123","BMAX","leaf",5,0.75383259434115,-0.158797855342797,7.47957433613505,56.4998699010652
"anchor_08","HOG:0006123","BMAX","root",5,-0.653550234205717,0.0880704501324598,7.47957433613505,56.4998699010652
"anchor_08","HOG:0006123","BMED","leaf",5,0.7382055793641,-0.141631170302027,7.47957433613505,56.4998699010652
"anchor_08","HOG:0006123","BMED","root",5,-0.635745798045942,-0.0377052102364164,7.47957433613505,56.4998699010652
"anchor_08","HOG:0006123","BSYL","leaf",5,0.713249542265168,-0.258099729875814,7.47957433613505,56.4998699010652
"anchor_08","HOG:0006123","BSYL","root",5,-0.696034691825739,-0.00556110529405196,7.47957433613505,56.4998699010652
"anchor_08","HOG:0006123","FPRA","leaf",5,0.777986454754601,-0.246029941083888,7.47957433613505,56.4998699010652
"anchor_08","HOG:0006123","FPRA","root",5,-0.646335719473722,-0.00133295184904791,7.47957433613505,56.4998699010652
"anchor_08","HOG:0006123","HJUB","leaf",5,0.687074750713928,-0.111497376360369,7.47957433613505,56.4998699010652
"anchor_08","HOG:0006123","HJUB","root",5,-0.709792480673095,0.0657627716703687,7.47957433613505,56.4998699010652
"anchor_08","HOG:0006123","HVUL","leaf",5,0.799967680717919,-0.509959330858344,7.47957433613505,56.4998699010652
"anchor_08","HOG:0006123","HVUL","root",5,-0.64619201928455,0.0165180007793412,7.47957433613505,56.4998699010652
"anchor_08","HOG:0006123","VBRO","leaf",5,0.777906157950816,-0.24438265163454,7.47957433613505,56.4998699010652
"anchor_08","HOG:0006123","VBRO","root",5,-0.652622927020672,0.0407736696173342,7.47957433613505,56.4998699010652
"anchor_09","HOG:0029484","BDIS","leaf",5,0.736303732012259,-0.168083306755457,7.47957433613505,56.4998699010652
"anchor_09","HOG:0029484","BDIS","root",5,-0.647071870018277,0.0110258434162144,7.47957433613505,56.4998699010652
"anchor_09","HOG:0029484","BMAX","leaf",5,0.802776771400115,-0.225925759957298,7.47957433613505,56.4998699010652
"anchor_09","HOG:0029484","BMAX","root",5,-0.633718428851943,0.0600513590576041,7.47957433613505,56.4998699010652
"anchor_09","HOG:0029484","BMED","leaf",5,0.754825900597632,-0.173893193806326,7.47957433613505,56.4998699010652
"anchor_09","HOG:0029484","BMED","root",5,-0.621385495517493,-0.0613573238187122,7.47957433613505,56.4998699010652
"anchor_09","HOG:0029484","BSYL","leaf",5,0.769766428180406,-0.351817548348754,7.47957433613505,56.4998699010652
"anchor_09","HOG:0029484","BSYL","root",5,-0.673623386593488,-0.102182524609667,7.47957433613505,56.4998699010652
"anchor_09","HOG:0029484","FPRA","leaf",5,0.784379542714745,-0.30602119991842,7.47957433613505,56.4998699010652
"anchor_09","HOG:0029484","FPRA","root",5,-0.632507696765629,-0.00651725269747228,7.47957433613505,56.4998699010652
"anchor_09","HOG:0029484","HJUB","leaf",5,0.706988961284878,-0.190963348953357,7.47957433613505,56.4998699010652
"anchor_09","HOG:0029484","HJUB","root",5,-0.68287932228263,0.0261130011630389,7.47957433613505,56.4998699010652
"anchor_09","HOG:0029484","HVUL","leaf",5,0.842014240788956,-0.599101865317828,7.47957433613505,56.4998699010652
"anchor_09","HOG:0029484","HVUL","root",5,-0.628339336197254,-0.00222655418809836,7.47957433613505,56.4998699010652
"anchor_09","HOG:0029484","VBRO","leaf",5,0.871531780596817,-0.318742665926709,7.47957433613505,56.4998699010652
"anchor_09","HOG:0029484","VBRO","root",5,-0.599840797433863,-0.027696505153445,7.47957433613505,56.4998699010652
"anchor_10","HOG:0023085","BDIS","leaf",5,0.708345385142729,-0.11235642446976,7.47957433613505,56.4998699010652
"anchor_10","HOG:0023085","BDIS","root",5,-0.6655743256269,0.0372341750413505,7.47957433613505,56.4998699010652
"anchor_10","HOG:0023085","BMAX","leaf",5,0.764388312673816,-0.157098535429172,7.47957433613505,56.4998699010652
"anchor_10","HOG:0023085","BMAX","root",5,-0.648800571699255,0.102196757032693,7.47957433613505,56.4998699010652
"anchor_10","HOG:0023085","BMED","leaf",5,0.733764171230286,-0.115142404474476,7.47957433613505,56.4998699010652
"anchor_10","HOG:0023085","BMED","root",5,-0.636046913219671,-0.01444002252046,7.47957433613505,56.4998699010652
"anchor_10","HOG:0023085","BSYL","leaf",5,0.7166635514669,-0.253259630726722,7.47957433613505,56.4998699010652
"anchor_10","HOG:0023085","BSYL","root",5,-0.702226544538314,-0.0521525050027378,7.47957433613505,56.4998699010652
"anchor_10","HOG:0023085","FPRA","leaf",5,0.783078017717989,-0.23591608871054,7.47957433613505,56.4998699010652
"anchor_10","HOG:0023085","FPRA","root",5,-0.636628554291066,-0.000594003117010744,7.47957433613505,56.4998699010652
"anchor_10","HOG:0023085","HJUB","leaf",5,0.683414278848137,-0.0982310497288451,7.47957433613505,56.4998699010652
"anchor_10","HOG:0023085","HJUB","root",5,-0.707381903313118,0.0815710148952011,7.47957433613505,56.4998699010652
"anchor_10","HOG:0023085","HVUL","leaf",5,0.796864730657373,-0.482207721660852,7.47957433613505,56.4998699010652
"anchor_10","HOG:0023085","HVUL","root",5,-0.645483142239661,0.0117115704390562,7.47957433613505,56.4998699010652
"anchor_10","HOG:0023085","VBRO","leaf",5,0.777236480797507,-0.241613870214088,7.47957433613505,56.4998699010652
"anchor_10","HOG:0023085","VBRO","root",5,-0.657231413440278,0.0520125085177443,7.47957433613505,56.4998699010652
"anchor_11","HOG:0026770","BDIS","leaf",5,0.712459253102014,-0.123890822726876,7.47957433613505,56.4998699010652
"anchor_11","HOG:0026770","BDIS","root",5,-0.671980070841151,0.0478280726764987,7.47957433613505,56.4998699010652
"anchor_11","HOG:0026770","BMAX","leaf",5,0.767361172779865,-0.184304859527527,7.47957433613505,56.4998699010652
"anchor_11","HOG:0026770","BMAX","root",5,-0.64412202661508,0.104031763930485,7.47957433613505,56.4998699010652
"anchor_11","HOG:0026770","BMED","leaf",5,0.73844846434217,-0.131733898564941,7.47957433613505,56.4998699010652
"anchor_11","HOG:0026770","BMED","root",5,-0.633841547862362,-0.0142807405926186,7.47957433613505,56.4998699010652
"anchor_11","HOG:0026770","BSYL","leaf",5,0.708397313169546,-0.250751261130292,7.47957433613505,56.4998699010652
"anchor_11","HOG:0026770","BSYL","root",5,-0.717799124116112,3.65505956488876e-05,7.47957433613505,56.4998699010652
"anchor_11","HOG:0026770","FPRA","leaf",5,0.787609972423924,-0.244021053906886,7.47957433613505,56.4998699010652
"anchor_11","HOG:0026770","FPRA","root",5,-0.634879226382972,-0.00149228269968771,7.47957433613505,56.4998699010652
"anchor_11","HOG:0026770","HJUB","leaf",5,0.690415391818794,-0.120997289006454,7.47957433613505,56.4998699010652
"anchor_11","HOG:0026770","HJUB","root",5,-0.691165071439197,0.0433753165815999,7.47957433613505,56.4998699010652
"anchor_11","HOG:0026770","HVUL","leaf",5,0.808548044774903,-0.527831917925813,7.47957433613505,56.4998699010652
"anchor_11","HOG:0026770","HVUL","root",5,-0.636025881682444,0.00376787269384959,7.47957433613505,56.4998699010652
"anchor_11","HOG:0026770","VBRO","leaf",5,0.82821143744503,-0.269893444336043,7.47957433613505,56.4998699010652
"anchor_11","HOG:0026770","VBRO","root",5,-0.620325356162598,0.00994914625876187,7.47957433613505,56.4998699010652
"anchor_12","HOG:0012056","BDIS","leaf",5,0.706966340999629,-0.114367902850779,7.47957433613505,56.4998699010652
"anchor_12","HOG:0012056","BDIS","root",5,-0.673624492889802,0.057071559200632,7.47957433613505,56.4998699010652
"anchor_12","HOG:0012056","BMAX","leaf",5,0.749000217529881,-0.152065946081319,7.47957433613505,56.4998699010652
"anchor_12","HOG:0012056","BMAX","root",5,-0.655281771867894,0.0717486322663322,7.47957433613505,56.4998699010652
"anchor_12","HOG:0012056","BMED","leaf",5,0.729070012768268,-0.119321016324256,7.47957433613505,56.4998699010652
"anchor_12","HOG:0012056","BMED","root",5,-0.640584529171194,-0.0239428821773341,7.47957433613505,56.4998699010652
"anchor_12","HOG:0012056","BSYL","leaf",5,0.69730188181284,-0.237002945307696,7.47957433613505,56.4998699010652
"anchor_12","HOG:0012056","BSYL","root",5,-0.709998329484243,0.0157378848613007,7.47957433613505,56.4998699010652
"anchor_12","HOG:0012056","FPRA","leaf",5,0.77640477663224,-0.22089192931765,7.47957433613505,56.4998699010652
"anchor_12","HOG:0012056","FPRA","root",5,-0.645483912843187,0.0111973773594072,7.47957433613505,56.4998699010652
"anchor_12","HOG:0012056","HJUB","leaf",5,0.684668906439109,-0.10268728593867,7.47957433613505,56.4998699010652
"anchor_12","HOG:0012056","HJUB","root",5,-0.705406360092699,0.0717482476898366,7.47957433613505,56.4998699010652
"anchor_12","HOG:0012056","HVUL","leaf",5,0.795421581818785,-0.479329227590261,7.47957433613505,56.4998699010652
"anchor_12","HOG:0012056","HVUL","root",5,-0.646804015898999,0.013779745634484,7.47957433613505,56.4998699010652
"anchor_12","HOG:0012056","VBRO","leaf",5,0.789882612059072,-0.240507452053015,7.47957433613505,56.4998699010652
"anchor_12","HOG:0012056","VBRO","root",5,-0.651370379737738,0.0538688698270825,7.47957433613505,56.4998699010652
