"anchor_id","metric","anchor_hog","metric_type","statistic_orientation","concordant_mean","discordant_mean","signed_statistic","p_value","p_min","p_attainable","rank_from_top","n_tied_observed","n_tied_max","n_distinct_statistics","n_labellings","global_flip_multiplicity","blocked_label_space","blocked_p_min","blocked_p_attainable_at_best","blocked_p_below_0.05_attainable","q_bh","within_phylogenetic_pair_median"
"anchor_01","neighborhood_jaccard","HOG:0020610","similarity","concordant_minus_discordant",0.614538091802529,0.609409309117046,0.00512878268548345,0.257142857142857,0.0142857142857143,0.0285714285714286,18,2,2,35,70,2,16,0.0625,0.125,FALSE,0.847058823529412,0.620362158167036
"anchor_01","module_edge_jaccard","HOG:0020610","similarity","concordant_minus_discordant",0.710098339528125,0.705460526653788,0.0046378128743374,0.142857142857143,0.0142857142857143,0.0285714285714286,10,2,2,35,70,2,16,0.0625,0.125,FALSE,0.847058823529412,0.711004913262108
"anchor_01","matched_edge_correlation","HOG:0020610","similarity","concordant_minus_discordant",0.289794729493266,0.299380399392686,-0.00958566989941995,0.857142857142857,0.0142857142857143,0.0285714285714286,60,2,2,35,70,2,16,0.0625,0.125,FALSE,0.914285714285714,0.297923262244841
"anchor_01","matched_edge_mean_abs_log_threshold_distance","HOG:0020610","distance","discordant_minus_concordant",0.014911336356026,0.0148620237699781,-4.93125860478328e-05,0.457142857142857,0.0142857142857143,0.0285714285714286,32,2,2,35,70,2,16,0.0625,0.125,FALSE,0.847058823529412,0.0154421691534035
"anchor_02","neighborhood_jaccard","HOG:0020076","similarity","concordant_minus_discordant",0.612154501093755,0.621588158067118,-0.00943365697336296,0.857142857142857,0.0142857142857143,0.0285714285714286,60,2,2,35,70,2,16,0.0625,0.125,FALSE,0.914285714285714,0.639923511805786
"anchor_02","module_edge_jaccard","HOG:0020076","similarity","concordant_minus_discordant",0.71968427168817,0.713406703976587,0.00627756771158272,0.0857142857142857,0.0142857142857143,0.0285714285714286,6,2,2,35,70,2,16,0.0625,0.125,FALSE,0.847058823529412,0.72809836449559
"anchor_02","matched_edge_correlation","HOG:0020076","similarity","concordant_minus_discordant",0.283725446503202,0.295850961316113,-0.0121255148129107,0.914285714285714,0.0142857142857143,0.0285714285714286,64,2,2,35,70,2,16,0.0625,0.125,FALSE,0.914285714285714,0.292225814549592
"anchor_02","matched_edge_mean_abs_log_threshold_distance","HOG:0020076","distance","discordant_minus_concordant",0.0149689869498844,0.0148784747997234,-9.05121501609592e-05,0.542857142857143,0.0142857142857143,0.0285714285714286,38,2,2,35,70,2,16,0.0625,0.125,FALSE,0.847058823529412,0.01559358607735
"anchor_03","neighborhood_jaccard","HOG:0011532","similarity","concordant_minus_discordant",0.593929122844555,0.586052281240841,0.0078768416037146,0.257142857142857,0.0142857142857143,0.0285714285714286,18,2,2,35,70,2,16,0.0625,0.125,FALSE,0.847058823529412,0.575952458482579
"anchor_03","module_edge_jaccard","HOG:0011532","similarity","concordant_minus_discordant",0.73776085593351,0.730446148084148,0.00731470784936206,0.0571428571428571,0.0142857142857143,0.0285714285714286,4,2,2,35,70,2,16,0.0625,0.125,FALSE,0.847058823529412,0.745500007268465
"anchor_03","matched_edge_correlation","HOG:0011532","similarity","concordant_minus_discordant",0.295755811409009,0.306422067571138,-0.0106662561621285,0.771428571428571,0.0142857142857143,0.0285714285714286,54,2,2,35,70,2,16,0.0625,0.125,FALSE,0.903135888501742,0.294501376092537
"anchor_03","matched_edge_mean_abs_log_threshold_distance","HOG:0011532","distance","discordant_minus_concordant",0.014786601628174,0.0147629315783011,-2.3670049872887e-05,0.457142857142857,0.0142857142857143,0.0285714285714286,32,2,2,35,70,2,16,0.0625,0.125,FALSE,0.847058823529412,0.0154283577882216
"anchor_04","neighborhood_jaccard","HOG:0019394","similarity","concordant_minus_discordant",0.611515589013362,0.610197159298459,0.00131842971490337,0.428571428571429,0.0142857142857143,0.0285714285714286,30,2,2,35,70,2,16,0.0625,0.125,FALSE,0.847058823529412,0.603691654879774
"anchor_04","module_edge_jaccard","HOG:0019394","similarity","concordant_minus_discordant",0.721795894883297,0.71516498970701,0.00663090517628717,0.0857142857142857,0.0142857142857143,0.0285714285714286,6,2,2,35,70,2,16,0.0625,0.125,FALSE,0.847058823529412,0.703792812784516
"anchor_04","matched_edge_correlation","HOG:0019394","similarity","concordant_minus_discordant",0.294894324405645,0.299992521206981,-0.00509819680133566,0.6,0.0142857142857143,0.0285714285714286,42,2,2,35,70,2,16,0.0625,0.125,FALSE,0.847058823529412,0.281356049074106
"anchor_04","matched_edge_mean_abs_log_threshold_distance","HOG:0019394","distance","discordant_minus_concordant",0.0148582929299506,0.0148280275917827,-3.02653381679379e-05,0.457142857142857,0.0142857142857143,0.0285714285714286,32,2,2,35,70,2,16,0.0625,0.125,FALSE,0.847058823529412,0.0150738213783831
"anchor_05","neighborhood_jaccard","HOG:0006205","similarity","concordant_minus_discordant",0.589441917526073,0.5728376408253,0.016604276700773,0.0857142857142857,0.0142857142857143,0.0285714285714286,6,2,2,35,70,2,16,0.0625,0.125,FALSE,0.847058823529412,0.575558123802007
"anchor_05","module_edge_jaccard","HOG:0006205","similarity","concordant_minus_discordant",0.717708343832282,0.714703420044264,0.00300492378801809,0.285714285714286,0.0142857142857143,0.0285714285714286,20,2,2,35,70,2,16,0.0625,0.125,FALSE,0.847058823529412,0.711055593386479
"anchor_05","matched_edge_correlation","HOG:0006205","similarity","concordant_minus_discordant",0.301457031731421,0.313991074223539,-0.0125340424921182,0.857142857142857,0.0142857142857143,0.0285714285714286,60,2,2,35,70,2,16,0.0625,0.125,FALSE,0.914285714285714,0.308009477966459
"anchor_05","matched_edge_mean_abs_log_threshold_distance","HOG:0006205","distance","discordant_minus_concordant",0.014763183291588,0.0146988904854792,-6.42928061088434e-05,0.6,0.0142857142857143,0.0285714285714286,42,2,2,35,70,2,16,0.0625,0.125,FALSE,0.847058823529412,0.0153085606982265
"anchor_06","neighborhood_jaccard","HOG:0028766","similarity","concordant_minus_discordant",0.610719946769839,0.60347653780166,0.00724340896817921,0.285714285714286,0.0142857142857143,0.0285714285714286,20,2,2,35,70,2,16,0.0625,0.125,FALSE,0.847058823529412,0.602610094012865
"anchor_06","module_edge_jaccard","HOG:0028766","similarity","concordant_minus_discordant",0.72295119556615,0.720250078634979,0.0027011169311717,0.342857142857143,0.0142857142857143,0.0285714285714286,24,2,2,35,70,2,16,0.0625,0.125,FALSE,0.847058823529412,0.729172506156227
"anchor_06","matched_edge_correlation","HOG:0028766","similarity","concordant_minus_discordant",0.294694567701184,0.301674697422417,-0.00698012972123258,0.771428571428571,0.0142857142857143,0.0285714285714286,54,2,2,35,70,2,16,0.0625,0.125,FALSE,0.903135888501742,0.3011128698455
"anchor_06","matched_edge_mean_abs_log_threshold_distance","HOG:0028766","distance","discordant_minus_concordant",0.0148357266170981,0.0147871395531315,-4.85870639665882e-05,0.457142857142857,0.0142857142857143,0.0285714285714286,32,2,2,35,70,2,16,0.0625,0.125,FALSE,0.847058823529412,0.0152771091156758
"anchor_07","neighborhood_jaccard","HOG:0011862","similarity","concordant_minus_discordant",0.578576913144268,0.584310595399361,-0.00573368225509374,0.771428571428571,0.0142857142857143,0.0285714285714286,54,2,2,35,70,2,16,0.0625,0.125,FALSE,0.903135888501742,0.584494773519164
"anchor_07","module_edge_jaccard","HOG:0011862","similarity","concordant_minus_discordant",0.746259304252975,0.742766902988955,0.00349240126401995,0.285714285714286,0.0142857142857143,0.0285714285714286,20,2,2,35,70,2,16,0.0625,0.125,FALSE,0.847058823529412,0.746376710051212
"anchor_07","matched_edge_correlation","HOG:0011862","similarity","concordant_minus_discordant",0.298758429461265,0.311002972653291,-0.0122445431920253,0.914285714285714,0.0142857142857143,0.0285714285714286,64,2,2,35,70,2,16,0.0625,0.125,FALSE,0.914285714285714,0.300500961719672
"anchor_07","matched_edge_mean_abs_log_threshold_distance","HOG:0011862","distance","discordant_minus_concordant",0.0148305363365702,0.0146791540573091,-0.000151382279261161,0.542857142857143,0.0142857142857143,0.0285714285714286,38,2,2,35,70,2,16,0.0625,0.125,FALSE,0.847058823529412,0.015170286012431
"anchor_08","neighborhood_jaccard","HOG:0006123","similarity","concordant_minus_discordant",0.602319663095544,0.600538594525874,0.00178106856966975,0.4,0.0142857142857143,0.0285714285714286,28,2,2,35,70,2,16,0.0625,0.125,FALSE,0.847058823529412,0.620873759339801
"anchor_08","module_edge_jaccard","HOG:0006123","similarity","concordant_minus_discordant",0.743419876987962,0.738942362066306,0.00447751492165582,0.114285714285714,0.0142857142857143,0.0285714285714286,8,2,2,35,70,2,16,0.0625,0.125,FALSE,0.847058823529412,0.743808853048786
"anchor_08","matched_edge_correlation","HOG:0006123","similarity","concordant_minus_discordant",0.291468721937551,0.297604360494492,-0.00613563855694144,0.742857142857143,0.0142857142857143,0.0285714285714286,52,2,2,35,70,2,16,0.0625,0.125,FALSE,0.903135888501742,0.284225550457461
"anchor_08","matched_edge_mean_abs_log_threshold_distance","HOG:0006123","distance","discordant_minus_concordant",0.0148869631811509,0.0147917968685396,-9.51663126112952e-05,0.542857142857143,0.0142857142857143,0.0285714285714286,38,2,2,35,70,2,16,0.0625,0.125,FALSE,0.847058823529412,0.0152972160856956
"anchor_09","neighborhood_jaccard","HOG:0029484","similarity","concordant_minus_discordant",0.564903281510315,0.568877861275892,-0.00397457976557647,0.657142857142857,0.0142857142857143,0.0285714285714286,46,2,2,35,70,2,16,0.0625,0.125,FALSE,0.901224489795918,0.574524312896406
"anchor_09","module_edge_jaccard","HOG:0029484","similarity","concordant_minus_discordant",0.739339784432194,0.731414946381519,0.0079248380506749,0.171428571428571,0.0142857142857143,0.0285714285714286,12,2,2,35,70,2,16,0.0625,0.125,FALSE,0.847058823529412,0.739458403059447
"anchor_09","matched_edge_correlation","HOG:0029484","similarity","concordant_minus_discordant",0.311046823625284,0.320975620002772,-0.00992879637748817,0.742857142857143,0.0142857142857143,0.0285714285714286,52,2,2,35,70,2,16,0.0625,0.125,FALSE,0.903135888501742,0.28690578556427
"anchor_09","matched_edge_mean_abs_log_threshold_distance","HOG:0029484","distance","discordant_minus_concordant",0.0148274638078639,0.0146955025186585,-0.00013196128920537,0.485714285714286,0.0142857142857143,0.0285714285714286,34,2,2,35,70,2,16,0.0625,0.125,FALSE,0.847058823529412,0.0150656974887788
"anchor_10","neighborhood_jaccard","HOG:0023085","similarity","concordant_minus_discordant",0.588934792227718,0.592431779899912,-0.0034969876721942,0.6,0.0142857142857143,0.0285714285714286,42,2,2,35,70,2,16,0.0625,0.125,FALSE,0.847058823529412,0.608074515559016
"anchor_10","module_edge_jaccard","HOG:0023085","similarity","concordant_minus_discordant",0.762638590671385,0.759213433325251,0.00342515734613369,0.257142857142857,0.0142857142857143,0.0285714285714286,18,2,2,35,70,2,16,0.0625,0.125,FALSE,0.847058823529412,0.761820115913772
"anchor_10","matched_edge_correlation","HOG:0023085","similarity","concordant_minus_discordant",0.289371206412005,0.292621828310807,-0.00325062189880204,0.6,0.0142857142857143,0.0285714285714286,42,2,2,35,70,2,16,0.0625,0.125,FALSE,0.847058823529412,0.276707441995734
"anchor_10","matched_edge_mean_abs_log_threshold_distance","HOG:0023085","distance","discordant_minus_concordant",0.0148332001226029,0.0148025045040481,-3.06956185547932e-05,0.485714285714286,0.0142857142857143,0.0285714285714286,34,2,2,35,70,2,16,0.0625,0.125,FALSE,0.847058823529412,0.0153407108497752
"anchor_11","neighborhood_jaccard","HOG:0026770","similarity","concordant_minus_discordant",0.579778614634588,0.581674142550469,-0.00189552791588088,0.542857142857143,0.0142857142857143,0.0285714285714286,38,2,2,35,70,2,16,0.0625,0.125,FALSE,0.847058823529412,0.585161197466897
"anchor_11","module_edge_jaccard","HOG:0026770","similarity","concordant_minus_discordant",0.757194289675465,0.757767904411664,-0.00057361473619888,0.6,0.0142857142857143,0.0285714285714286,42,2,2,35,70,2,16,0.0625,0.125,FALSE,0.847058823529412,0.761517214118357
"anchor_11","matched_edge_correlation","HOG:0026770","similarity","concordant_minus_discordant",0.294670347616028,0.303387328910932,-0.00871698129490367,0.8,0.0142857142857143,0.0285714285714286,56,2,2,35,70,2,16,0.0625,0.125,FALSE,0.914285714285714,0.287027389520275
"anchor_11","matched_edge_mean_abs_log_threshold_distance","HOG:0026770","distance","discordant_minus_concordant",0.0148280394544868,0.0147231030512832,-0.000104936403203637,0.542857142857143,0.0142857142857143,0.0285714285714286,38,2,2,35,70,2,16,0.0625,0.125,FALSE,0.847058823529412,0.0151211329520614
"anchor_12","neighborhood_jaccard","HOG:0012056","similarity","concordant_minus_discordant",0.56277759646695,0.571319233528775,-0.00854163706182409,0.714285714285714,0.0142857142857143,0.0285714285714286,50,2,2,35,70,2,16,0.0625,0.125,FALSE,0.903135888501742,0.580378384502096
"anchor_12","module_edge_jaccard","HOG:0012056","similarity","concordant_minus_discordant",0.779754355497231,0.776907556994816,0.0028467985024152,0.342857142857143,0.0142857142857143,0.0285714285714286,24,2,2,35,70,2,16,0.0625,0.125,FALSE,0.847058823529412,0.782516599577432
"anchor_12","matched_edge_correlation","HOG:0012056","similarity","concordant_minus_discordant",0.296695572098453,0.308684602857587,-0.0119890307591344,0.885714285714286,0.0142857142857143,0.0285714285714286,62,2,2,35,70,2,16,0.0625,0.125,FALSE,0.914285714285714,0.298589926017407
"anchor_12","matched_edge_mean_abs_log_threshold_distance","HOG:0012056","distance","discordant_minus_concordant",0.0147464236258056,0.0145880733191155,-0.000158350306690003,0.571428571428571,0.0142857142857143,0.0285714285714286,40,2,2,35,70,2,16,0.0625,0.125,FALSE,0.847058823529412,0.0152075279382609
