"anchor_hog","tissue","heterochrony_pattern","anchor_phase_difference","anchor_phase_direction","anchor_pair_agreement","anchor_bootstrap_support","anchor_effect_percentile","module_phase_difference","module_phase_direction","module_pair_agreement","module_bootstrap_support","module_effect_percentile","is_eligible_anchor","hotspot_direction","topology_supported","best_arabi_defline","best_rice_defline","regulator_direction","regulator_classes","regulator_arabi_defline","regulator_rice_defline","is_hotspot","is_recurrent_regulator","anchor_adjusted_phase_median_annual_minus_perennial","anchor_adjusted_phase_pair_agreement","anchor_adjusted_phase_direction","anchor_adjusted_phase_leave_one_pair_out_stable","anchor_adjusted_phase_absolute_effect_percentile","anchor_adjusted_phase_median_shape_correlation","module_adjusted_phase_median_annual_minus_perennial","module_adjusted_phase_pair_agreement","module_adjusted_phase_direction","module_adjusted_phase_leave_one_pair_out_stable","module_adjusted_phase_absolute_effect_percentile","module_adjusted_phase_median_shape_correlation","anchor_shape_median_annual_minus_perennial","anchor_shape_pair_agreement","anchor_shape_direction","anchor_shape_leave_one_pair_out_stable","anchor_shape_absolute_effect_percentile","anchor_shape_median_shape_correlation","module_shape_median_annual_minus_perennial","module_shape_pair_agreement","module_shape_direction","module_shape_leave_one_pair_out_stable","module_shape_absolute_effect_percentile","module_shape_median_shape_correlation","anchor_mean_median_annual_minus_perennial","anchor_mean_pair_agreement","anchor_mean_direction","anchor_mean_leave_one_pair_out_stable","anchor_mean_absolute_effect_percentile","anchor_mean_median_shape_correlation","module_mean_median_annual_minus_perennial","module_mean_pair_agreement","module_mean_direction","module_mean_leave_one_pair_out_stable","module_mean_absolute_effect_percentile","module_mean_median_shape_correlation","anchor_amplitude_median_annual_minus_perennial","anchor_amplitude_pair_agreement","anchor_amplitude_direction","anchor_amplitude_leave_one_pair_out_stable","anchor_amplitude_absolute_effect_percentile","anchor_amplitude_median_shape_correlation","module_amplitude_median_annual_minus_perennial","module_amplitude_pair_agreement","module_amplitude_direction","module_amplitude_leave_one_pair_out_stable","module_amplitude_absolute_effect_percentile","module_amplitude_median_shape_correlation","phase_lag_median_annual_minus_perennial","phase_lag_pair_agreement","phase_lag_direction","phase_lag_leave_one_pair_out_stable","phase_lag_absolute_effect_percentile","phase_lag_median_shape_correlation"
"HOG:0032765","leaf","coordinated_phase_shift",0.224837805211811,"annual_later_or_higher",3,1,0.979472140762463,0.238542491085496,"annual_later_or_higher",3,0.997995991983968,0.99702380952381,TRUE,"annual",TRUE,"Zinc finger, C3HC4 type (RING finger) family protein","",,,,,TRUE,FALSE,0.221247424176591,3,"annual_later_or_higher",TRUE,0.970674486803519,,0.16905782592135,3,"annual_later_or_higher",TRUE,0.961309523809524,,0.25,4,"annual_later_or_higher",TRUE,0.975073313782991,-0.0276042915246263,0.25,4,"annual_later_or_higher",TRUE,0.982142857142857,-0.281288019259038,-0.178064751362737,3,"annual_earlier_or_lower",TRUE,0.709677419354839,,-0.2675468952471,3,"annual_earlier_or_lower",TRUE,0.889880952380952,,0.1698085174822,2,"annual_later_or_higher",FALSE,0.697947214076246,,-0.145986680752378,3,"annual_earlier_or_lower",TRUE,0.770833333333333,,-0.0303145082128726,3,"annual_earlier_or_lower",TRUE,0.482142857142857,
"HOG:0025960","root","anchor_only_phase_shift",0.233239413614405,"annual_later_or_higher",3,0.953907815631262,0.970674486803519,,,,,,FALSE,,,,,"annual","any_regulator;gene_expression_regulator;chromatin_regulator","SNF2 domain-containing protein / helicase domain-containing protein / zinc finger protein-related","SNF2 family N-terminal domain containing protein, expressed",FALSE,TRUE,0.197027756325019,3,"annual_later_or_higher",TRUE,0.935483870967742,,,,,,,,-0.16,3,"annual_earlier_or_lower",TRUE,0.74633431085044,-0.318196123356202,,,,,,,0.119426914516586,2,"annual_later_or_higher",FALSE,0.741935483870968,,,,,,,,-1.16894808802977,4,"annual_earlier_or_lower",TRUE,0.991202346041056,,,,,,,,,,,,,
"HOG:0026234","root","module_only_phase_shift",0.0520771832314007,"annual_later_or_higher",3,0.801603206412826,0.416422287390029,0.204796435165105,"annual_later_or_higher",4,0.98997995991984,0.949404761904762,TRUE,"annual",TRUE,"zeta-carotene desaturase","zeta-carotene desaturase, chloroplast/chromoplast precursor, putative, expressed",,,,,TRUE,FALSE,0.0258727958844364,3,"annual_later_or_higher",TRUE,0.178885630498534,,0.15785097113536,4,"annual_later_or_higher",TRUE,0.81547619047619,,0.1,3,"annual_later_or_higher",TRUE,0.538123167155425,0.561730372657267,0.115,2,"annual_later_or_higher",FALSE,0.586309523809524,-0.214044681956763,0.202116704337488,3,"annual_later_or_higher",TRUE,0.900293255131965,,0.0488041843547339,4,"annual_later_or_higher",TRUE,0.625,,-0.178862694482189,3,"annual_earlier_or_lower",TRUE,0.727272727272727,,0.0360861434283035,3,"annual_later_or_higher",TRUE,0.241071428571429,,-0.142852299267785,4,"annual_earlier_or_lower",TRUE,0.904761904761905,
"HOG:0011541","leaf","coordinated_phase_shift",0.199589908417727,"annual_later_or_higher",3,1,0.93841642228739,0.190016094991329,"annual_later_or_higher",3,0.98997995991984,0.946428571428571,TRUE,"annual",TRUE,"transcription regulatory protein SNF2, putative","SNF2 family N-terminal domain containing protein, expressed","annual","any_regulator;gene_expression_regulator;transcription_regulator;chromatin_regulator","transcription regulatory protein SNF2, putative","SNF2 family N-terminal domain containing protein, expressed",TRUE,TRUE,0.189519245703315,3,"annual_later_or_higher",TRUE,0.917888563049853,,0.145143180684949,3,"annual_later_or_higher",TRUE,0.898809523809524,,0.205,4,"annual_later_or_higher",TRUE,0.89149560117302,0.0920914180189818,0.23,4,"annual_later_or_higher",TRUE,0.928571428571429,0.203317890231919,-0.16204904251641,3,"annual_earlier_or_lower",TRUE,0.665689149560117,,-0.263401209166103,3,"annual_earlier_or_lower",TRUE,0.880952380952381,,0.104265375859019,3,"annual_later_or_higher",TRUE,0.513196480938416,,-0.0555083731566641,2,"annual_earlier_or_lower",FALSE,0.324404761904762,,-0.0343194689127722,3,"annual_earlier_or_lower",TRUE,0.535714285714286,
"HOG:0026838","leaf","coordinated_phase_shift",0.139597888867695,"annual_later_or_higher",3,0.887775551102204,0.818181818181818,0.186312021793503,"annual_later_or_higher",3,0.979959919839679,0.93452380952381,TRUE,"annual",TRUE,"(1 of 1) PTHR15922:SF2 - NEUROBLASTOMA-AMPLIFIED SEQUENCE","expressed protein",,,,,TRUE,FALSE,0.0857893097128935,3,"annual_later_or_higher",TRUE,0.63049853372434,,0.12371582116371,3,"annual_later_or_higher",TRUE,0.869047619047619,,0.15,4,"annual_later_or_higher",TRUE,0.769794721407625,0.343280770155449,0.18,4,"annual_later_or_higher",TRUE,0.867559523809524,0.308348837982347,0.00645251920503764,2,"annual_later_or_higher",FALSE,0.0381231671554252,,-0.258452193921982,3,"annual_earlier_or_lower",TRUE,0.87797619047619,,-0.47314074839879,4,"annual_earlier_or_lower",TRUE,0.932551319648094,,-0.238200503379816,2,"annual_earlier_or_lower",FALSE,0.931547619047619,,-0.0724741152028617,3,"annual_earlier_or_lower",TRUE,0.833333333333333,
"HOG:0027421","leaf","module_only_phase_shift",0.0416596772343222,"annual_later_or_higher",3,0.871743486973948,0.372434017595308,0.183756485172232,"annual_later_or_higher",3,0.985971943887776,0.931547619047619,TRUE,"annual",TRUE,"GYF domain-containing protein","GYF domain containing protein, putative, expressed",,,,,TRUE,FALSE,0.112157888799324,3,"annual_later_or_higher",TRUE,0.736070381231672,,0.14568737504047,3,"annual_later_or_higher",TRUE,0.904761904761905,,-0.115,2,"annual_earlier_or_lower",FALSE,0.626099706744868,0.307730295590315,0.12,3,"annual_later_or_higher",TRUE,0.700892857142857,0.103996157623484,-0.513322174127295,4,"annual_earlier_or_lower",TRUE,0.964809384164223,,-0.323373287688268,3,"annual_earlier_or_lower",TRUE,0.928571428571429,,0.164105844351317,3,"annual_later_or_higher",TRUE,0.686217008797654,,-0.118238316070564,3,"annual_earlier_or_lower",TRUE,0.654761904761905,,-0.0703736296161187,3,"annual_earlier_or_lower",TRUE,0.818452380952381,
"HOG:0010551","leaf","coordinated_phase_shift",0.106827282543982,"annual_later_or_higher",3,0.997995991983968,0.756598240469208,0.181267890561439,"annual_later_or_higher",3,0.98997995991984,0.919642857142857,TRUE,"annual",TRUE,"","MATH domain containing protein, expressed",,,,,TRUE,FALSE,0.13436611794986,4,"annual_later_or_higher",TRUE,0.818181818181818,,0.159524127175261,4,"annual_later_or_higher",TRUE,0.93452380952381,,0.055,2,"annual_later_or_higher",FALSE,0.340175953079179,0.621267911454437,0.1,2,"annual_later_or_higher",FALSE,0.595238095238095,0.143868438146041,-0.393626470368989,3,"annual_earlier_or_lower",TRUE,0.941348973607038,,-0.383963811419959,4,"annual_earlier_or_lower",TRUE,0.955357142857143,,-0.290062455239351,2,"annual_earlier_or_lower",FALSE,0.853372434017595,,-0.072368960650838,3,"annual_earlier_or_lower",TRUE,0.443452380952381,,0.00193583082213869,2,"annual_later_or_higher",FALSE,0.0386904761904762,
"HOG:0006131","leaf","coordinated_phase_shift",0.182421947390283,"annual_later_or_higher",3,0.957915831663327,0.909090909090909,0.146628948628073,"annual_later_or_higher",3,0.997995991983968,0.875,TRUE,"annual",TRUE,"DNA-binding bromodomain-containing protein","",,,,,TRUE,FALSE,0.20996078279616,3,"annual_later_or_higher",TRUE,0.961876832844575,,0.124885185241895,2,"annual_later_or_higher",FALSE,0.87797619047619,,0.24,3,"annual_later_or_higher",TRUE,0.935483870967742,0.246545712163247,0.11,3,"annual_later_or_higher",TRUE,0.642857142857143,0.317589984195794,-0.171764774521122,3,"annual_earlier_or_lower",TRUE,0.69208211143695,,-0.425566167287061,3,"annual_earlier_or_lower",TRUE,0.964285714285714,,0.766134837598435,3,"annual_later_or_higher",TRUE,0.98533724340176,,0.172375710564346,2,"annual_later_or_higher",FALSE,0.848214285714286,,-0.000424036878997891,2,"annual_earlier_or_lower",FALSE,0.00892857142857143,
"HOG:0025149","leaf","coordinated_phase_shift",0.17376085253199,"annual_later_or_higher",3,0.991983967935872,0.888563049853372,0.171989916113456,"annual_later_or_higher",3,0.98997995991984,0.907738095238095,TRUE,"annual",TRUE,"chromatin remodeling 4","CHR4/MI-2-LIKE, putative, expressed","annual","any_regulator;gene_expression_regulator;chromatin_regulator","chromatin remodeling 4","CHR4/MI-2-LIKE, putative, expressed",TRUE,TRUE,0.168184852051193,3,"annual_later_or_higher",TRUE,0.885630498533724,,0.150246152727278,3,"annual_later_or_higher",TRUE,0.925595238095238,,-0.01,2,"annual_earlier_or_lower",FALSE,0.0733137829912024,0.206260086514507,0.1,2,"annual_later_or_higher",FALSE,0.580357142857143,0.0884221370845314,-0.531277014446488,4,"annual_earlier_or_lower",TRUE,0.973607038123167,,-0.433690623878699,4,"annual_earlier_or_lower",TRUE,0.970238095238095,,0.097790069297942,2,"annual_later_or_higher",FALSE,0.475073313782991,,0.0520328446359134,2,"annual_later_or_higher",FALSE,0.303571428571429,,-0.0697355351033554,3,"annual_earlier_or_lower",TRUE,0.8125,
"HOG:0006131","root","anchor_only_phase_shift",0.160272069099485,"annual_later_or_higher",4,0.947895791583166,0.903225806451613,0.0979177460373385,"annual_later_or_higher",3,0.851703406813627,0.642857142857143,TRUE,"annual",TRUE,"DNA-binding bromodomain-containing protein","",,,,,TRUE,FALSE,0.158988792652766,3,"annual_later_or_higher",TRUE,0.879765395894428,,0.00763309329324849,2,"annual_later_or_higher",FALSE,0.0595238095238095,,0,1,"tied",FALSE,0.00879765395894428,0.655552330072545,0,2,"tied",FALSE,0.0223214285714286,0.651036067029916,0.145005346473338,2,"annual_later_or_higher",FALSE,0.80058651026393,,0.255357423596913,3,"annual_later_or_higher",TRUE,0.958333333333333,,0.842232183543642,3,"annual_later_or_higher",TRUE,0.970674486803519,,-0.061327117691002,2,"annual_earlier_or_lower",FALSE,0.452380952380952,,0.0291474850354101,3,"annual_later_or_higher",TRUE,0.354166666666667,
"HOG:0027918","root","coordinated_phase_shift",0.158864616490085,"annual_later_or_higher",4,0.929859719438878,0.900293255131965,0.119113351180148,"annual_later_or_higher",4,0.937875751503006,0.773809523809524,TRUE,"annual",TRUE,"nucleic acid binding;zinc ion binding;DNA binding","plus-3 domain containing protein, expressed",,,,,TRUE,FALSE,0.138604110084242,4,"annual_later_or_higher",TRUE,0.824046920821114,,0.0667859068379341,3,"annual_later_or_higher",TRUE,0.443452380952381,,-0.015,2,"annual_earlier_or_lower",FALSE,0.101173020527859,0.435255301388463,0.02,3,"annual_later_or_higher",TRUE,0.233630952380952,0.521332360508423,0.195230670913494,3,"annual_later_or_higher",TRUE,0.89149560117302,,0.094807187513191,2,"annual_later_or_higher",FALSE,0.836309523809524,,-0.452376524551857,2,"annual_earlier_or_lower",FALSE,0.920821114369501,,-0.507474226289297,3,"annual_earlier_or_lower",TRUE,0.949404761904762,,-0.00461709043567249,2,"annual_earlier_or_lower",FALSE,0.0803571428571429,
"HOG:0005857","leaf","coordinated_phase_shift",0.140424818198831,"annual_later_or_higher",3,1,0.821114369501466,0.167383326892214,"annual_later_or_higher",3,0.995991983967936,0.898809523809524,TRUE,"annual",TRUE,"SET domain protein 2","",,,,,TRUE,FALSE,0.121792633684439,4,"annual_later_or_higher",TRUE,0.788856304985337,,0.148187941531161,4,"annual_later_or_higher",TRUE,0.910714285714286,,0.15,3,"annual_later_or_higher",TRUE,0.769794721407625,-0.0821776264128849,0.125,3,"annual_later_or_higher",TRUE,0.726190476190476,0.0653152230652929,-0.429567066584843,4,"annual_earlier_or_lower",TRUE,0.958944281524927,,-0.380558430697544,4,"annual_earlier_or_lower",TRUE,0.952380952380952,,0.507972416994148,2,"annual_later_or_higher",FALSE,0.944281524926686,,-0.0716811471839876,2,"annual_earlier_or_lower",FALSE,0.431547619047619,,-0.040643828701968,2,"annual_earlier_or_lower",FALSE,0.577380952380952,
"HOG:0025923","leaf","module_only_phase_shift",0.0177851475380492,"annual_later_or_higher",2,0.791583166332665,0.170087976539589,0.161228187634332,"annual_later_or_higher",3,0.983967935871743,0.889880952380952,TRUE,"annual",TRUE,"Pre-mRNA-processing-splicing factor","pre-mRNA-processing-splicing factor 8, putative, expressed",,,,,TRUE,FALSE,0.0882833591030515,3,"annual_later_or_higher",TRUE,0.645161290322581,,0.123552821293469,3,"annual_later_or_higher",TRUE,0.866071428571429,,0.00500000000000002,2,"annual_later_or_higher",FALSE,0.0586510263929619,0.60105397057593,-0.04,2,"annual_earlier_or_lower",FALSE,0.15625,0.262135371777053,-0.191245236221423,2,"annual_earlier_or_lower",FALSE,0.75366568914956,,-0.248283533675926,3,"annual_earlier_or_lower",TRUE,0.869047619047619,,-0.0190255755311831,3,"annual_earlier_or_lower",TRUE,0.0997067448680352,,-0.0608033416857309,2,"annual_earlier_or_lower",FALSE,0.357142857142857,,-0.0775175435321165,3,"annual_earlier_or_lower",TRUE,0.851190476190476,
"HOG:0010481","leaf","module_only_phase_shift",0.0494403321545683,"annual_later_or_higher",4,0.879759519038076,0.419354838709677,0.153306429347343,"annual_later_or_higher",3,0.98997995991984,0.883928571428571,TRUE,"annual",TRUE,"Helicase/SANT-associated, DNA binding protein","",,,,,TRUE,FALSE,0.119938543719571,3,"annual_later_or_higher",TRUE,0.785923753665689,,0.149268174106122,4,"annual_later_or_higher",TRUE,0.916666666666667,,0.075,3,"annual_later_or_higher",TRUE,0.457478005865103,0.382045561906987,0.1,2,"annual_later_or_higher",FALSE,0.595238095238095,0.171884816920626,-0.945016950985104,3,"annual_earlier_or_lower",TRUE,0.997067448680352,,-0.60670620306168,4,"annual_earlier_or_lower",TRUE,0.99702380952381,,0.579523657621811,3,"annual_later_or_higher",TRUE,0.964809384164223,,-0.0644410524178433,2,"annual_earlier_or_lower",FALSE,0.380952380952381,,-0.0281318513171379,3,"annual_earlier_or_lower",TRUE,0.446428571428571,
"HOG:0025923","root","coordinated_phase_shift",0.146840602867422,"annual_later_or_higher",4,0.983967935871743,0.873900293255132,0.132734933522331,"annual_later_or_higher",4,0.971943887775551,0.821428571428571,TRUE,"annual",TRUE,"Pre-mRNA-processing-splicing factor","pre-mRNA-processing-splicing factor 8, putative, expressed",,,,,TRUE,FALSE,0.144978735018651,4,"annual_later_or_higher",TRUE,0.844574780058651,,0.0804074891801173,2,"annual_later_or_higher",FALSE,0.508928571428571,,0.055,3,"annual_later_or_higher",TRUE,0.32258064516129,0.47688097645835,0.05,3,"annual_later_or_higher",TRUE,0.397321428571429,0.514222150576047,-0.0244332399498265,3,"annual_earlier_or_lower",TRUE,0.293255131964809,,0.00791772062509505,2,"annual_later_or_higher",FALSE,0.0892857142857143,,-0.661565354046829,3,"annual_earlier_or_lower",TRUE,0.950146627565982,,-0.69859619469358,3,"annual_earlier_or_lower",TRUE,0.976190476190476,,0.0263125356047808,3,"annual_later_or_higher",TRUE,0.342261904761905,
"HOG:0025959","leaf","module_only_phase_shift",0.0933161966525429,"annual_later_or_higher",4,0.943887775551102,0.700879765395894,0.139446425104222,"annual_later_or_higher",4,0.993987975951904,0.863095238095238,TRUE,"annual",TRUE,"histone acetyltransferase of the CBP family 12","histone acetyltransferase HAC1, putative, expressed",,,,,TRUE,FALSE,0.135254917765456,4,"annual_later_or_higher",TRUE,0.821114369501466,,0.172815862214793,3,"annual_later_or_higher",TRUE,0.970238095238095,,0.12,3,"annual_later_or_higher",TRUE,0.651026392961877,0.232279868733328,0.11,3,"annual_later_or_higher",TRUE,0.642857142857143,0.118596472174313,-0.644908716294782,3,"annual_earlier_or_lower",TRUE,0.982404692082111,,-0.499379616994062,4,"annual_earlier_or_lower",TRUE,0.991071428571429,,0.90699033514695,3,"annual_later_or_higher",TRUE,0.994134897360704,,-0.268156825485453,3,"annual_earlier_or_lower",TRUE,0.946428571428571,,-0.0461302284516792,3,"annual_earlier_or_lower",TRUE,0.619047619047619,
"HOG:0027421","root","coordinated_phase_shift",0.136852084379389,"annual_later_or_higher",4,0.94188376753507,0.853372434017595,0.130798901186307,"annual_later_or_higher",4,0.949899799599198,0.81547619047619,TRUE,"annual",TRUE,"GYF domain-containing protein","GYF domain containing protein, putative, expressed",,,,,TRUE,FALSE,0.151776274721965,3,"annual_later_or_higher",TRUE,0.859237536656892,,0.0832014352509333,4,"annual_later_or_higher",TRUE,0.523809523809524,,-0.035,2,"annual_earlier_or_lower",FALSE,0.228739002932551,0.531836427499738,0.045,3,"annual_later_or_higher",TRUE,0.363095238095238,0.55782332741293,0.118889095523172,3,"annual_later_or_higher",TRUE,0.736070381231672,,0.182265103320701,3,"annual_later_or_higher",TRUE,0.9375,,-0.681622937857468,3,"annual_earlier_or_lower",TRUE,0.95307917888563,,-0.805011030773281,3,"annual_earlier_or_lower",TRUE,0.982142857142857,,0.0162668175693108,3,"annual_later_or_higher",TRUE,0.208333333333333,
"HOG:0027918","leaf","module_only_phase_shift",0.0928807076140908,"annual_later_or_higher",2,0.869739478957916,0.695014662756598,0.122360808928185,"annual_later_or_higher",3,0.947895791583166,0.839285714285714,TRUE,"annual",TRUE,"nucleic acid binding;zinc ion binding;DNA binding","plus-3 domain containing protein, expressed",,,,,TRUE,FALSE,0.129833042452451,2,"annual_later_or_higher",FALSE,0.812316715542522,,0.115389996414867,2,"annual_later_or_higher",FALSE,0.845238095238095,,-0.12,3,"annual_earlier_or_lower",TRUE,0.651026392961877,0.262739899889649,-0.02,2,"annual_earlier_or_lower",FALSE,0.0550595238095238,0.301921338008979,-0.25994481074734,3,"annual_earlier_or_lower",TRUE,0.856304985337243,,-0.272297762898019,3,"annual_earlier_or_lower",TRUE,0.895833333333333,,0.012279116378952,2,"annual_later_or_higher",FALSE,0.0703812316715543,,0.0571503125772781,2,"annual_later_or_higher",FALSE,0.333333333333333,,-0.00402440540825691,2,"annual_earlier_or_lower",FALSE,0.0744047619047619,
"HOG:0010481","root","coordinated_phase_shift",0.131974029100609,"annual_later_or_higher",4,0.927855711422846,0.835777126099707,0.117778260756622,"annual_later_or_higher",4,0.95190380761523,0.761904761904762,TRUE,"annual",TRUE,"Helicase/SANT-associated, DNA binding protein","",,,,,TRUE,FALSE,0.13069075265389,3,"annual_later_or_higher",TRUE,0.785923753665689,,0.0280868744770904,4,"annual_later_or_higher",TRUE,0.232142857142857,,-0.095,2,"annual_earlier_or_lower",FALSE,0.51466275659824,0.149420153675456,0.025,3,"annual_later_or_higher",TRUE,0.251488095238095,0.404531295220996,0.768189181873093,3,"annual_later_or_higher",TRUE,0.991202346041056,,0.522791525570379,3,"annual_later_or_higher",TRUE,0.99702380952381,,-1.6182935878142,3,"annual_earlier_or_lower",TRUE,1,,-0.714146605829814,4,"annual_earlier_or_lower",TRUE,0.979166666666667,,0.0186405488899855,3,"annual_later_or_higher",TRUE,0.244047619047619,
"HOG:0032897","root","anchor_only_phase_shift",0.123609169985953,"annual_later_or_higher",3,0.831663326653307,0.818181818181818,,,,,,FALSE,,,,,"annual","any_regulator;gene_expression_regulator;transcription_regulator","SEUSS transcriptional co-regulator","transcriptional corepressor SEUSS, putative, expressed",FALSE,TRUE,0.0472981026486314,4,"annual_later_or_higher",TRUE,0.343108504398827,,,,,,,,0.04,2,"annual_later_or_higher",FALSE,0.259530791788856,0.350544806927972,,,,,,,0.728782393816464,4,"annual_later_or_higher",TRUE,0.988269794721408,,,,,,,,-0.372226578857081,2,"annual_earlier_or_lower",FALSE,0.89149560117302,,,,,,,,,,,,,
"HOG:0028440","leaf","anchor_only_phase_shift",-0.127068024232026,"annual_earlier_or_lower",3,0.82565130260521,0.797653958944281,-0.0326780117787689,"annual_earlier_or_lower",2,0.64128256513026,0.30952380952381,TRUE,"perennial",TRUE,"Transducin/WD40 repeat-like superfamily protein","peptidase S8 and S53, subtilisin, kexin, sedolisin, putative, expressed",,,,,TRUE,FALSE,-0.137917227227703,3,"annual_earlier_or_lower",TRUE,0.832844574780059,,-0.0462575193127609,3,"annual_earlier_or_lower",TRUE,0.428571428571429,,0.145,4,"annual_later_or_higher",TRUE,0.747800586510264,0.438552650822026,0.155,4,"annual_later_or_higher",TRUE,0.797619047619048,0.0894053747845662,-0.249947039329371,4,"annual_earlier_or_lower",TRUE,0.847507331378299,,-0.122373869925457,4,"annual_earlier_or_lower",TRUE,0.729166666666667,,0.14277143990139,3,"annual_later_or_higher",TRUE,0.624633431085044,,0.018767082464545,2,"annual_later_or_higher",FALSE,0.0892857142857143,,-0.0596827908358901,3,"annual_earlier_or_lower",TRUE,0.744047619047619,
"HOG:0010551","root","module_only_phase_shift",0.101708064552673,"annual_later_or_higher",4,0.887775551102204,0.695014662756598,0.125569520874842,"annual_later_or_higher",4,0.933867735470942,0.797619047619048,TRUE,"annual",TRUE,"","MATH domain containing protein, expressed",,,,,TRUE,FALSE,0.0950990807872834,3,"annual_later_or_higher",TRUE,0.639296187683284,,0.0352848681307525,4,"annual_later_or_higher",TRUE,0.273809523809524,,0.035,2,"annual_later_or_higher",FALSE,0.234604105571848,0.293652099666649,0.01,2,"annual_later_or_higher",FALSE,0.126488095238095,0.396415481552714,0.275159664908271,3,"annual_later_or_higher",TRUE,0.92375366568915,,0.194534081337131,3,"annual_later_or_higher",TRUE,0.943452380952381,,-0.537214064163674,2,"annual_earlier_or_lower",FALSE,0.932551319648094,,-0.627097305504944,4,"annual_earlier_or_lower",TRUE,0.964285714285714,,0.00846340917798077,3,"annual_later_or_higher",TRUE,0.130952380952381,
"HOG:0025960","leaf","anchor_only_phase_shift",0.125357736876625,"annual_later_or_higher",3,0.929859719438878,0.794721407624633,,,,,,FALSE,,,,,"annual","any_regulator;gene_expression_regulator;chromatin_regulator","SNF2 domain-containing protein / helicase domain-containing protein / zinc finger protein-related","SNF2 family N-terminal domain containing protein, expressed",FALSE,TRUE,0.145637750322045,4,"annual_later_or_higher",TRUE,0.838709677419355,,,,,,,,0.22,3,"annual_later_or_higher",TRUE,0.916422287390029,0.348524122476712,,,,,,,-0.41665639001532,4,"annual_earlier_or_lower",TRUE,0.950146627565982,,,,,,,,-0.418510233741864,3,"annual_earlier_or_lower",TRUE,0.903225806451613,,,,,,,,,,,,,
"HOG:0005857","root","module_only_phase_shift",0.0347278546415437,"annual_later_or_higher",3,0.823647294589178,0.293255131964809,0.121646523312036,"annual_later_or_higher",4,0.907815631262525,0.788690476190476,TRUE,"annual",TRUE,"SET domain protein 2","",,,,,TRUE,FALSE,-0.0282047904757053,3,"annual_earlier_or_lower",TRUE,0.202346041055718,,0.0522112878389246,4,"annual_later_or_higher",TRUE,0.363095238095238,,0.06,3,"annual_later_or_higher",TRUE,0.366568914956012,0.20659995934486,0.035,2,"annual_later_or_higher",FALSE,0.302083333333333,0.648111010328368,0.3026889242279,3,"annual_later_or_higher",TRUE,0.935483870967742,,0.198095640423116,3,"annual_later_or_higher",TRUE,0.946428571428571,,0.423826081657633,3,"annual_later_or_higher",TRUE,0.906158357771261,,-0.179473026375417,2,"annual_earlier_or_lower",FALSE,0.782738095238095,,-0.0538891619936783,3,"annual_earlier_or_lower",TRUE,0.586309523809524,
"HOG:0008637","leaf","anchor_only_phase_shift",-0.11111495977448,"annual_earlier_or_lower",3,0.877755511022044,0.762463343108504,-0.0191723348284773,"annual_earlier_or_lower",2,0.543086172344689,0.148809523809524,TRUE,"perennial",TRUE,"transportin 1","transportin-2, putative, expressed",,,,,TRUE,FALSE,-0.119181282554979,3,"annual_earlier_or_lower",TRUE,0.780058651026393,,-0.0151685126273119,2,"annual_earlier_or_lower",FALSE,0.12797619047619,,0.165,3,"annual_later_or_higher",TRUE,0.813782991202346,0.145347267734975,0.165,4,"annual_later_or_higher",TRUE,0.822916666666667,0.119584419909229,-0.136338234675608,3,"annual_earlier_or_lower",TRUE,0.601173020527859,,-0.0630045111892655,2,"annual_earlier_or_lower",FALSE,0.505952380952381,,-0.130338094085831,3,"annual_earlier_or_lower",TRUE,0.589442815249267,,-0.089812672962215,3,"annual_earlier_or_lower",TRUE,0.550595238095238,,-0.173342629323179,3,"annual_earlier_or_lower",TRUE,0.988095238095238,
"HOG:0017160","root","anchor_only_phase_shift",0.111870736673227,"annual_later_or_higher",3,0.977955911823647,0.756598240469208,0.107503206650754,"annual_later_or_higher",3,0.965931863727455,0.705357142857143,TRUE,"annual",TRUE,"cell division cycle protein 48-related / CDC48-related","bromodomain protein 103, putative, expressed",,,,,TRUE,FALSE,0.0344368903100172,3,"annual_later_or_higher",TRUE,0.240469208211144,,0.0423817701769399,2,"annual_later_or_higher",FALSE,0.327380952380952,,0.155,4,"annual_later_or_higher",TRUE,0.730205278592375,0.403008654294559,0.045,3,"annual_later_or_higher",TRUE,0.363095238095238,0.48917414404584,-0.133299538857941,4,"annual_earlier_or_lower",TRUE,0.780058651026393,,-0.121144244313741,3,"annual_earlier_or_lower",TRUE,0.875,,-0.177242598823607,4,"annual_earlier_or_lower",TRUE,0.724340175953079,,-0.197447388422267,4,"annual_earlier_or_lower",TRUE,0.8125,,-0.0139577872589334,2,"annual_earlier_or_lower",FALSE,0.19047619047619,
"HOG:0004224","leaf","no_recurrent_phase_shift",0.12148855941856,"annual_later_or_higher",2,0.971943887775551,0.785923753665689,,,,,,FALSE,,,,,"annual","any_regulator;gene_expression_regulator;transcription_regulator","Duplicated homeodomain-like superfamily protein","MYB family transcription factor, putative, expressed",FALSE,TRUE,0.164286284292768,3,"annual_later_or_higher",TRUE,0.873900293255132,,,,,,,,0.095,2,"annual_later_or_higher",FALSE,0.519061583577713,0.0250717601709266,,,,,,,-0.327472600058956,2,"annual_earlier_or_lower",FALSE,0.900293255131965,,,,,,,,0.0807581947721726,2,"annual_later_or_higher",FALSE,0.407624633431085,,,,,,,,,,,,,
"HOG:0017160","leaf","no_recurrent_phase_shift",0.0652886139199613,"annual_later_or_higher",2,0.807615230460922,0.542521994134897,0.0813172758371296,"annual_later_or_higher",2,0.937875751503006,0.75,TRUE,"annual",TRUE,"cell division cycle protein 48-related / CDC48-related","bromodomain protein 103, putative, expressed",,,,,TRUE,FALSE,0.0705412565158641,2,"annual_later_or_higher",FALSE,0.56891495601173,,0.085321098038295,3,"annual_later_or_higher",TRUE,0.773809523809524,,-0.145,4,"annual_earlier_or_lower",TRUE,0.756598240469208,0.451064384142948,0.08,3,"annual_later_or_higher",TRUE,0.458333333333333,0.409936243970609,-0.339457872235683,3,"annual_earlier_or_lower",TRUE,0.914956011730205,,-0.131401308420548,4,"annual_earlier_or_lower",TRUE,0.758928571428571,,0.156763940235268,2,"annual_later_or_higher",FALSE,0.668621700879765,,0.0121881463068785,2,"annual_later_or_higher",FALSE,0.0625,,-0.0409761053038876,3,"annual_earlier_or_lower",TRUE,0.583333333333333,
"HOG:0026838","root","no_recurrent_phase_shift",0.111107774113237,"annual_later_or_higher",3,0.935871743486974,0.747800586510264,0.103517856383532,"annual_later_or_higher",4,0.943887775551102,0.675595238095238,TRUE,"annual",TRUE,"(1 of 1) PTHR15922:SF2 - NEUROBLASTOMA-AMPLIFIED SEQUENCE","expressed protein",,,,,TRUE,FALSE,0.109824497666518,3,"annual_later_or_higher",TRUE,0.706744868035191,,0.0511904120413188,3,"annual_later_or_higher",TRUE,0.354166666666667,,-0.06,2,"annual_earlier_or_lower",FALSE,0.366568914956012,0.391551870927652,0,2,"tied",FALSE,0.0223214285714286,0.499196797417806,0.423128318769556,3,"annual_later_or_higher",TRUE,0.973607038123167,,0.137059460408983,3,"annual_later_or_higher",TRUE,0.901785714285714,,-0.58027221410184,3,"annual_earlier_or_lower",TRUE,0.935483870967742,,-0.822057425594546,3,"annual_earlier_or_lower",TRUE,0.985119047619048,,-0.00703673188337495,2,"annual_earlier_or_lower",FALSE,0.110119047619048,
"HOG:0012239","root","no_recurrent_phase_shift",0.108166998077981,"annual_later_or_higher",3,,0.736070381231672,,,,,,FALSE,,,,,"annual","any_regulator;gene_expression_regulator;transcription_regulator","SPOC domain / Transcription elongation factor S-II protein","transcription factor S-II, central domain containing protein, expressed",FALSE,TRUE,0.104625058833404,3,"annual_later_or_higher",TRUE,0.69208211143695,,,,,,,,0.05,2,"annual_later_or_higher",FALSE,0.297653958944282,0.581740578271476,,,,,,,0.94907501108885,3,"annual_later_or_higher",TRUE,0.997067448680352,,,,,,,,-0.087409112718499,2,"annual_earlier_or_lower",FALSE,0.498533724340176,,,,,,,,,,,,,
"HOG:0028661","leaf","no_recurrent_phase_shift",0.0817341311445669,"annual_later_or_higher",4,0.847695390781563,0.639296187683284,0.0721663162926381,"annual_later_or_higher",3,0.841683366733467,0.717261904761905,TRUE,"perennial",TRUE,"SRP72 RNA-binding domain","signal recognition particle 72 kDa protein, putative, expressed",,,,,TRUE,FALSE,0.113700764379105,4,"annual_later_or_higher",TRUE,0.747800586510264,,0.0784104656712115,3,"annual_later_or_higher",TRUE,0.741071428571429,,0.11,2,"annual_later_or_higher",FALSE,0.602639296187683,0.574389615652904,0.115,2,"annual_later_or_higher",FALSE,0.650297619047619,0.473220222266216,-0.0399146804129207,3,"annual_earlier_or_lower",TRUE,0.240469208211144,,-0.0596812158136736,4,"annual_earlier_or_lower",TRUE,0.479166666666667,,-0.132011297435665,3,"annual_earlier_or_lower",TRUE,0.598240469208211,,-0.140760829565266,3,"annual_earlier_or_lower",TRUE,0.75297619047619,,0.00429044895757089,3,"annual_later_or_higher",TRUE,0.0803571428571429,
"HOG:0025149","root","no_recurrent_phase_shift",0.0786039781198264,"annual_later_or_higher",4,0.903807615230461,0.583577712609971,0.109283889286609,"annual_later_or_higher",3,0.919839679358717,0.714285714285714,TRUE,"annual",TRUE,"chromatin remodeling 4","CHR4/MI-2-LIKE, putative, expressed","annual","any_regulator;gene_expression_regulator;chromatin_regulator","chromatin remodeling 4","CHR4/MI-2-LIKE, putative, expressed",TRUE,TRUE,0.064385364835117,3,"annual_later_or_higher",TRUE,0.442815249266862,,0.0189992365425188,4,"annual_later_or_higher",TRUE,0.157738095238095,,0.01,2,"annual_later_or_higher",FALSE,0.0747800586510264,0.494146954990409,0.01,2,"annual_later_or_higher",FALSE,0.126488095238095,0.413662384268167,0.31591394908132,2,"annual_later_or_higher",FALSE,0.947214076246334,,0.259399773017528,3,"annual_later_or_higher",TRUE,0.961309523809524,,-0.937727868915107,3,"annual_earlier_or_lower",TRUE,0.979472140762463,,-0.833638685758295,4,"annual_earlier_or_lower",TRUE,0.988095238095238,,-0.0493758849950879,3,"annual_earlier_or_lower",TRUE,0.535714285714286,
"HOG:0011541","root","no_recurrent_phase_shift",0.0786904431031362,"annual_later_or_higher",4,0.857715430861723,0.586510263929619,0.108607764036571,"annual_later_or_higher",4,0.927855711422846,0.708333333333333,TRUE,"annual",TRUE,"transcription regulatory protein SNF2, putative","SNF2 family N-terminal domain containing protein, expressed","annual","any_regulator;gene_expression_regulator;transcription_regulator;chromatin_regulator","transcription regulatory protein SNF2, putative","SNF2 family N-terminal domain containing protein, expressed",TRUE,TRUE,0.0719309844342832,3,"annual_later_or_higher",TRUE,0.504398826979472,,0.0572027912034073,2,"annual_later_or_higher",FALSE,0.386904761904762,,-0.01,2,"annual_earlier_or_lower",FALSE,0.0542521994134897,0.637804593705708,0.01,2,"annual_later_or_higher",FALSE,0.126488095238095,0.64394469558065,0.175704156033049,3,"annual_later_or_higher",TRUE,0.868035190615836,,0.0865346725685594,3,"annual_later_or_higher",TRUE,0.80952380952381,,-0.222385308039639,2,"annual_earlier_or_lower",FALSE,0.797653958944281,,-0.0840195106133089,3,"annual_earlier_or_lower",TRUE,0.589285714285714,,-0.0235122560182886,4,"annual_earlier_or_lower",TRUE,0.306547619047619,
"HOG:0032897","leaf","no_recurrent_phase_shift",0.0921929106184536,"annual_later_or_higher",3,0.895791583166333,0.686217008797654,,,,,,FALSE,,,,,"annual","any_regulator;gene_expression_regulator;transcription_regulator","SEUSS transcriptional co-regulator","transcriptional corepressor SEUSS, putative, expressed",FALSE,TRUE,0.0813437076227766,3,"annual_later_or_higher",TRUE,0.609970674486804,,,,,,,,0.25,3,"annual_later_or_higher",TRUE,0.975073313782991,-0.0704923750583046,,,,,,,-0.21256425510618,4,"annual_earlier_or_lower",TRUE,0.80058651026393,,,,,,,,0.0845253265392043,2,"annual_later_or_higher",FALSE,0.43108504398827,,,,,,,,,,,,,
"HOG:0031129","leaf","no_recurrent_phase_shift",-0.0803694453453965,"annual_earlier_or_lower",3,0.995991983967936,0.633431085043988,-0.0684300105963316,"annual_earlier_or_lower",3,0.955911823647295,0.68452380952381,TRUE,"annual",TRUE,"Thioredoxin family protein","glutathione S-transferase, N-terminal domain containing protein, expressed",,,,,TRUE,FALSE,-0.0839598263806162,4,"annual_earlier_or_lower",TRUE,0.627565982404692,,-0.0538877598377972,4,"annual_earlier_or_lower",TRUE,0.541666666666667,,-0.095,2,"annual_earlier_or_lower",FALSE,0.510263929618768,0.737895498508035,-0.1,3,"annual_earlier_or_lower",TRUE,0.595238095238095,0.772908652292171,-0.0351836711722719,2,"annual_earlier_or_lower",FALSE,0.214076246334311,,0.0488583566642173,4,"annual_later_or_higher",TRUE,0.416666666666667,,-0.0203700875588799,2,"annual_earlier_or_lower",FALSE,0.117302052785924,,0.117974724667907,3,"annual_later_or_higher",TRUE,0.645833333333333,,-0.0224778633064339,2,"annual_earlier_or_lower",FALSE,0.354166666666667,
"HOG:0006523","root","no_recurrent_phase_shift",0.0982620522692969,"annual_later_or_higher",3,0.887775551102204,0.683284457478006,0.0581230845400909,"annual_later_or_higher",3,0.849699398797595,0.366071428571429,TRUE,"perennial",TRUE,"","importin subunit alpha, putative, expressed",,,,,TRUE,FALSE,0.0218213472237323,3,"annual_later_or_higher",TRUE,0.152492668621701,,-0.0015627582191359,2,"annual_earlier_or_lower",FALSE,0.0148809523809524,,0.01,2,"annual_later_or_higher",FALSE,0.0747800586510264,0.238025628021927,-1.38777878078145e-17,2,"annual_earlier_or_lower",FALSE,0.0461309523809524,0.366505215513795,-0.0135835539677866,3,"annual_earlier_or_lower",TRUE,0.170087976539589,,-0.0712483059446243,4,"annual_earlier_or_lower",TRUE,0.755952380952381,,-0.157024058269851,2,"annual_earlier_or_lower",FALSE,0.683284457478006,,-0.166273825668655,4,"annual_earlier_or_lower",TRUE,0.75297619047619,,0.00702826250930591,2,"annual_later_or_higher",FALSE,0.107142857142857,
"HOG:0012511","leaf","no_recurrent_phase_shift",0.0800682577351914,"annual_later_or_higher",3,0.751503006012024,0.63049853372434,0.0675536938757806,"annual_later_or_higher",3,0.831663326653307,0.681547619047619,TRUE,"perennial",TRUE,"coatomer gamma-2 subunit, putative / gamma-2 coat protein, putative / gamma-2 COP, putative","coatomer subunit gamma-2, putative, expressed",,,,,TRUE,FALSE,0.0692190547395144,3,"annual_later_or_higher",TRUE,0.565982404692082,,0.0539741863417887,2,"annual_later_or_higher",FALSE,0.544642857142857,,0.065,2,"annual_later_or_higher",FALSE,0.407624633431085,0.0536206679806304,0.245,4,"annual_later_or_higher",TRUE,0.956845238095238,0.204724499459872,0.00719029295755352,2,"annual_later_or_higher",FALSE,0.0410557184750733,,0.00594830735809299,2,"annual_later_or_higher",FALSE,0.0714285714285714,,-0.201893333969317,4,"annual_earlier_or_lower",TRUE,0.75366568914956,,-0.186095015850296,3,"annual_earlier_or_lower",TRUE,0.875,,0.00283323789277912,2,"annual_later_or_higher",FALSE,0.0535714285714286,
"HOG:0023564","root","no_recurrent_phase_shift",-0.0567073286188975,"annual_earlier_or_lower",3,0.68937875751503,0.439882697947214,-0.102596506258085,"annual_earlier_or_lower",2,0.695390781563126,0.669642857142857,TRUE,"perennial",TRUE,"RAN binding protein 1","ranBP1 domain containing protein, expressed",,,,,TRUE,FALSE,-0.109831159063341,3,"annual_earlier_or_lower",TRUE,0.709677419354839,,-0.208952074208842,3,"annual_earlier_or_lower",TRUE,0.970238095238095,,-0.25,3,"annual_earlier_or_lower",TRUE,0.95307917888563,-0.369856286969992,-0.25,3,"annual_earlier_or_lower",TRUE,0.904761904761905,-0.41250782802251,-0.15565006819679,3,"annual_earlier_or_lower",TRUE,0.832844574780059,,-0.0560147963455057,4,"annual_earlier_or_lower",TRUE,0.678571428571429,,-0.024815156900864,2,"annual_earlier_or_lower",FALSE,0.202346041055718,,-0.0998289796280425,3,"annual_earlier_or_lower",TRUE,0.648809523809524,,0.0580614933710366,2,"annual_later_or_higher",FALSE,0.62202380952381,
"HOG:0016703","leaf","no_recurrent_phase_shift",-0.086264606332739,"annual_earlier_or_lower",3,0.821643286573146,0.668621700879765,,,,,,FALSE,,,,,"annual","any_regulator;gene_expression_regulator;chromatin_regulator","INO80 ortholog","SNF2 family N-terminal domain containing protein, expressed",FALSE,TRUE,-0.0371199235930611,3,"annual_earlier_or_lower",TRUE,0.348973607038123,,,,,,,,-0.215,3,"annual_earlier_or_lower",TRUE,0.906158357771261,0.00176908786655439,,,,,,,-1.0097997607249,4,"annual_earlier_or_lower",TRUE,1,,,,,,,,0.533568357648816,3,"annual_later_or_higher",TRUE,0.947214076246334,,,,,,,,,,,,,
"HOG:0031129","root","no_recurrent_phase_shift",-0.0826027944558216,"annual_earlier_or_lower",2,0.801603206412826,0.607038123167155,-0.102490134497208,"annual_earlier_or_lower",2,0.875751503006012,0.666666666666667,TRUE,"annual",TRUE,"Thioredoxin family protein","glutathione S-transferase, N-terminal domain containing protein, expressed",,,,,TRUE,FALSE,-0.126895346792015,2,"annual_earlier_or_lower",FALSE,0.780058651026393,,-0.179018348818787,3,"annual_earlier_or_lower",TRUE,0.886904761904762,,0.155,3,"annual_later_or_higher",TRUE,0.730205278592375,0.353472752710892,0.25,4,"annual_later_or_higher",TRUE,0.904761904761905,-0.0752115227475381,-0.0321953357726409,2,"annual_earlier_or_lower",FALSE,0.360703812316716,,0.0381832839866686,3,"annual_later_or_higher",TRUE,0.517857142857143,,-0.139553360320971,3,"annual_earlier_or_lower",TRUE,0.648093841642229,,0.041768860790487,2,"annual_later_or_higher",FALSE,0.288690476190476,,-0.0849507509247208,2,"annual_earlier_or_lower",FALSE,0.729166666666667,
"HOG:0025959","root","no_recurrent_phase_shift",0.0863324071728201,"annual_later_or_higher",3,0.885771543086172,0.627565982404692,0.0740692390580495,"annual_later_or_higher",3,0.869739478957916,0.491071428571429,TRUE,"annual",TRUE,"histone acetyltransferase of the CBP family 12","histone acetyltransferase HAC1, putative, expressed",,,,,TRUE,FALSE,0.0850491307261017,2,"annual_later_or_higher",FALSE,0.580645161290323,,0.0194435455414417,3,"annual_later_or_higher",TRUE,0.163690476190476,,0.075,2,"annual_later_or_higher",FALSE,0.441348973607038,0.617833761893264,0.03,2,"annual_later_or_higher",FALSE,0.279761904761905,0.671098551003694,0.383044254100922,3,"annual_later_or_higher",TRUE,0.961876832844575,,0.333639679745453,3,"annual_later_or_higher",TRUE,0.970238095238095,,-0.0535344724110075,2,"annual_earlier_or_lower",FALSE,0.372434017595308,,-0.309491510358143,3,"annual_earlier_or_lower",TRUE,0.907738095238095,,-0.000919955640457881,2,"annual_earlier_or_lower",FALSE,0.0178571428571429,
"HOG:0008697","leaf","no_recurrent_phase_shift",0.0493722496920401,"annual_later_or_higher",3,0.81563126252505,0.416422287390029,0.0511407933499592,"annual_later_or_higher",3,0.751503006012024,0.607142857142857,TRUE,"perennial",TRUE,"Ribophorin I","dolichyl-diphosphooligosaccharide--protein glycosyltransferase 67 kDasubunit precursor, putative, expressed",,,,,TRUE,FALSE,0.0357590622982054,3,"annual_later_or_higher",TRUE,0.334310850439883,,-0.00193003149731655,2,"annual_earlier_or_lower",FALSE,0.0208333333333333,,0.125,4,"annual_later_or_higher",TRUE,0.680351906158358,0.553873732521341,0.115,2,"annual_later_or_higher",FALSE,0.650297619047619,0.478820089452685,-0.101886711259246,2,"annual_earlier_or_lower",FALSE,0.483870967741935,,-0.00482026616809977,2,"annual_earlier_or_lower",FALSE,0.0535714285714286,,-0.066180522265005,2,"annual_earlier_or_lower",FALSE,0.346041055718475,,-0.126097611409925,3,"annual_earlier_or_lower",TRUE,0.69047619047619,,0.0281770317770539,3,"annual_later_or_higher",TRUE,0.449404761904762,
"HOG:0023564","leaf","no_recurrent_phase_shift",-0.0518533870533766,"annual_earlier_or_lower",2,0.69939879759519,0.439882697947214,-0.0479970793079877,"annual_earlier_or_lower",2,0.729458917835671,0.577380952380952,TRUE,"perennial",TRUE,"RAN binding protein 1","ranBP1 domain containing protein, expressed",,,,,TRUE,FALSE,-0.105661966208178,2,"annual_earlier_or_lower",FALSE,0.718475073313783,,-0.0818975790410311,3,"annual_earlier_or_lower",TRUE,0.758928571428571,,0.105,2,"annual_later_or_higher",FALSE,0.56158357771261,0.115432629473079,0.06,2,"annual_later_or_higher",FALSE,0.272321428571429,0.383143181438397,-0.195263983251843,3,"annual_earlier_or_lower",TRUE,0.762463343108504,,-0.0506826143107468,3,"annual_earlier_or_lower",TRUE,0.431547619047619,,-0.033842501031408,2,"annual_earlier_or_lower",FALSE,0.202346041055718,,-0.0597660427740965,2,"annual_earlier_or_lower",FALSE,0.354166666666667,,-0.0185674998849402,3,"annual_earlier_or_lower",TRUE,0.306547619047619,
"HOG:0032765","root","no_recurrent_phase_shift",0.00630439825087303,"annual_later_or_higher",2,0.639278557114228,0.0498533724340176,0.0793152664378803,"annual_later_or_higher",4,0.891783567134269,0.532738095238095,TRUE,"annual",TRUE,"Zinc finger, C3HC4 type (RING finger) family protein","",,,,,TRUE,FALSE,0.00502112180415465,2,"annual_later_or_higher",FALSE,0.032258064516129,,0.0559990075312916,3,"annual_later_or_higher",TRUE,0.37797619047619,,-0.035,2,"annual_earlier_or_lower",FALSE,0.222873900293255,0.434173765902485,0.015,2,"annual_later_or_higher",FALSE,0.168154761904762,0.697739856923875,0.150917367765618,4,"annual_later_or_higher",TRUE,0.821114369501466,,0.147161374190906,3,"annual_later_or_higher",TRUE,0.919642857142857,,-0.0339322514213873,2,"annual_earlier_or_lower",FALSE,0.266862170087977,,-0.286928459335544,3,"annual_earlier_or_lower",TRUE,0.895833333333333,,-0.053559136733278,3,"annual_earlier_or_lower",TRUE,0.580357142857143,
"HOG:0012511","root","no_recurrent_phase_shift",0.0706857492349041,"annual_later_or_higher",3,0.857715430861723,0.519061583577713,-0.00717029447981343,"annual_earlier_or_lower",2,0.430861723446894,0.0446428571428571,TRUE,"perennial",TRUE,"coatomer gamma-2 subunit, putative / gamma-2 coat protein, putative / gamma-2 COP, putative","coatomer subunit gamma-2, putative, expressed",,,,,TRUE,FALSE,0.0077531041176552,2,"annual_later_or_higher",FALSE,0.0439882697947214,,-0.11352586243057,3,"annual_earlier_or_lower",TRUE,0.666666666666667,,-0.25,4,"annual_earlier_or_lower",TRUE,0.95307917888563,-0.174416638432655,-0.145,3,"annual_earlier_or_lower",TRUE,0.629464285714286,-0.233224742466347,0.0971938646840526,3,"annual_later_or_higher",TRUE,0.680351906158358,,-0.00643326632137597,2,"annual_earlier_or_lower",FALSE,0.0625,,-0.0998041901588171,3,"annual_earlier_or_lower",TRUE,0.545454545454545,,-0.125653473230535,4,"annual_earlier_or_lower",TRUE,0.693452380952381,,0.0579266300807913,3,"annual_later_or_higher",TRUE,0.619047619047619,
"HOG:0016703","root","no_recurrent_phase_shift",0.0694875223290118,"annual_later_or_higher",2,0.835671342685371,0.510263929618768,,,,,,FALSE,,,,,"annual","any_regulator;gene_expression_regulator;chromatin_regulator","INO80 ortholog","SNF2 family N-terminal domain containing protein, expressed",FALSE,TRUE,0.0682042458822935,2,"annual_later_or_higher",FALSE,0.472140762463343,,,,,,,,-0.155,3,"annual_earlier_or_lower",TRUE,0.730205278592375,0.208844867725409,,,,,,,1.07702451609186,4,"annual_later_or_higher",TRUE,1,,,,,,,,-1.46400146505367,3,"annual_earlier_or_lower",TRUE,0.997067448680352,,,,,,,,,,,,,
"HOG:0028440","root","no_recurrent_phase_shift",0.0227297430857334,"annual_later_or_higher",2,0.655310621242485,0.196480938416422,0.0663731174933497,"annual_later_or_higher",3,0.879759519038076,0.422619047619048,TRUE,"perennial",TRUE,"Transducin/WD40 repeat-like superfamily protein","peptidase S8 and S53, subtilisin, kexin, sedolisin, putative, expressed",,,,,TRUE,FALSE,-0.0547041032774763,3,"annual_earlier_or_lower",TRUE,0.378299120234604,,0.014045673151136,2,"annual_later_or_higher",FALSE,0.133928571428571,,-0.14,3,"annual_earlier_or_lower",TRUE,0.680351906158358,0.0802596160406495,-0.065,2,"annual_earlier_or_lower",FALSE,0.461309523809524,0.0458927953163528,-0.0986090277817602,3,"annual_earlier_or_lower",TRUE,0.686217008797654,,-0.0826099881852704,4,"annual_earlier_or_lower",TRUE,0.791666666666667,,-0.278602946050187,4,"annual_earlier_or_lower",TRUE,0.838709677419355,,-0.221794497448679,4,"annual_earlier_or_lower",TRUE,0.845238095238095,,-0.0422181048419649,3,"annual_earlier_or_lower",TRUE,0.494047619047619,
"HOG:0004224","root","no_recurrent_phase_shift",0.0392776232892632,"annual_later_or_higher",3,0.79559118236473,0.328445747800586,,,,,,FALSE,,,,,"annual","any_regulator;gene_expression_regulator;transcription_regulator","Duplicated homeodomain-like superfamily protein","MYB family transcription factor, putative, expressed",FALSE,TRUE,0.054201813631839,2,"annual_later_or_higher",FALSE,0.375366568914956,,,,,,,,0.01,3,"annual_later_or_higher",TRUE,0.0747800586510264,0.750867224048094,,,,,,,0.71120733052847,4,"annual_later_or_higher",TRUE,0.98533724340176,,,,,,,,0.096907993799024,2,"annual_later_or_higher",FALSE,0.530791788856305,,,,,,,,,,,,,
"HOG:0008637","root","no_recurrent_phase_shift",-0.038507511386618,"annual_earlier_or_lower",2,0.67935871743487,0.325513196480938,-0.0367028514330119,"annual_earlier_or_lower",2,0.444889779559118,0.205357142857143,TRUE,"perennial",TRUE,"transportin 1","transportin-2, putative, expressed",,,,,TRUE,FALSE,-0.115941357749828,3,"annual_earlier_or_lower",TRUE,0.73900293255132,,-0.143058419383769,3,"annual_earlier_or_lower",TRUE,0.758928571428571,,0.1,2,"annual_later_or_higher",FALSE,0.538123167155425,-0.409072383940835,0.05,2,"annual_later_or_higher",FALSE,0.415178571428571,-0.210928613389155,-0.148858264268904,3,"annual_earlier_or_lower",TRUE,0.818181818181818,,-0.0742369391318222,3,"annual_earlier_or_lower",TRUE,0.773809523809524,,-0.18073609984648,4,"annual_earlier_or_lower",TRUE,0.730205278592375,,-0.209672733956948,4,"annual_earlier_or_lower",TRUE,0.827380952380952,,-0.00180465995360612,2,"annual_earlier_or_lower",FALSE,0.0297619047619048,
"HOG:0012239","leaf","no_recurrent_phase_shift",-0.0320045975153495,"annual_earlier_or_lower",2,,0.304985337243402,,,,,,FALSE,,,,,"annual","any_regulator;gene_expression_regulator;transcription_regulator","SPOC domain / Transcription elongation factor S-II protein","transcription factor S-II, central domain containing protein, expressed",FALSE,TRUE,0.0392127722713511,3,"annual_later_or_higher",TRUE,0.360703812316716,,,,,,,,-0.06,3,"annual_earlier_or_lower",TRUE,0.366568914956012,0.410647891676645,,,,,,,-0.704725731067479,3,"annual_earlier_or_lower",TRUE,0.988269794721408,,,,,,,,0.671716174098378,3,"annual_later_or_higher",TRUE,0.973607038123167,,,,,,,,,,,,,
"HOG:0006523","leaf","no_recurrent_phase_shift",-0.0306142952501731,"annual_earlier_or_lower",3,0.61122244488978,0.290322580645161,0.0122065142434039,"annual_later_or_higher",2,0.539078156312625,0.0892857142857143,TRUE,"perennial",TRUE,"","importin subunit alpha, putative, expressed",,,,,TRUE,FALSE,-0.0103342818047528,2,"annual_earlier_or_lower",FALSE,0.105571847507331,,-0.000993993213407152,2,"annual_earlier_or_lower",FALSE,0.0119047619047619,,0.045,3,"annual_later_or_higher",TRUE,0.31524926686217,0.485211773725927,0.065,2,"annual_later_or_higher",FALSE,0.331845238095238,0.461421723643874,-0.121523408870153,4,"annual_earlier_or_lower",TRUE,0.55425219941349,,-0.0575470196600396,4,"annual_earlier_or_lower",TRUE,0.467261904761905,,-0.0328901377159221,2,"annual_earlier_or_lower",FALSE,0.193548387096774,,-0.149501895887757,3,"annual_earlier_or_lower",TRUE,0.788690476190476,,-0.0504559705795031,2,"annual_earlier_or_lower",FALSE,0.663690476190476,
"HOG:0008697","root","no_recurrent_phase_shift",0.0302136144004217,"annual_later_or_higher",3,0.687374749498998,0.255131964809384,-0.0106367860339757,"annual_earlier_or_lower",2,0.400801603206413,0.0654761904761905,TRUE,"perennial",TRUE,"Ribophorin I","dolichyl-diphosphooligosaccharide--protein glycosyltransferase 67 kDasubunit precursor, putative, expressed",,,,,TRUE,FALSE,-0.0327190307168272,3,"annual_earlier_or_lower",TRUE,0.228739002932551,,-0.116992353984733,3,"annual_earlier_or_lower",TRUE,0.678571428571429,,-0.225,3,"annual_earlier_or_lower",TRUE,0.86217008797654,0.090050121250289,-0.13,3,"annual_earlier_or_lower",TRUE,0.610119047619048,-0.157375928538066,-0.0563909547820461,2,"annual_earlier_or_lower",FALSE,0.504398826979472,,-0.0268907648929284,2,"annual_earlier_or_lower",FALSE,0.380952380952381,,0.00301405657801102,2,"annual_later_or_higher",FALSE,0.0293255131964809,,-0.038246942538992,3,"annual_earlier_or_lower",TRUE,0.261904761904762,,0.0339890163837797,2,"annual_later_or_higher",FALSE,0.431547619047619,
"HOG:0024976","root","no_recurrent_phase_shift",-0.0246154496315174,"annual_earlier_or_lower",3,0.615230460921844,0.217008797653959,0.0135226782834433,"annual_later_or_higher",2,0.496993987975952,0.0833333333333333,TRUE,"perennial",TRUE,"cellulose synthase A9","CESA3 - cellulose synthase, expressed",,,,,TRUE,FALSE,-0.0875480947487664,4,"annual_earlier_or_lower",TRUE,0.595307917888563,,-0.0928328896673136,3,"annual_earlier_or_lower",TRUE,0.5625,,-0.18,3,"annual_earlier_or_lower",TRUE,0.785923753665689,0.0255480203114814,-0.185,3,"annual_earlier_or_lower",TRUE,0.693452380952381,-0.233544757224826,0.131800030064919,2,"annual_later_or_higher",FALSE,0.774193548387097,,0.0861830804449843,2,"annual_later_or_higher",FALSE,0.806547619047619,,0.0690209263409915,3,"annual_later_or_higher",TRUE,0.451612903225806,,-0.044289803019895,2,"annual_earlier_or_lower",FALSE,0.327380952380952,,0.00211918843381345,2,"annual_later_or_higher",FALSE,0.0446428571428571,
"HOG:0024976","leaf","no_recurrent_phase_shift",-0.0153767488976544,"annual_earlier_or_lower",2,0.3687374749499,0.146627565982405,0.0195483810381216,"annual_later_or_higher",2,0.711422845691383,0.154761904761905,TRUE,"perennial",TRUE,"cellulose synthase A9","CESA3 - cellulose synthase, expressed",,,,,TRUE,FALSE,-0.0189671299328741,3,"annual_earlier_or_lower",TRUE,0.187683284457478,,0.00596887350412964,2,"annual_later_or_higher",FALSE,0.0416666666666667,,0.02,2,"annual_later_or_higher",FALSE,0.156891495601173,0.120701574372152,0.065,2,"annual_later_or_higher",FALSE,0.331845238095238,0.318772035578804,-0.0848782813034901,3,"annual_earlier_or_lower",TRUE,0.434017595307918,,-0.115889482406214,3,"annual_earlier_or_lower",TRUE,0.723214285714286,,-0.039794459584852,3,"annual_earlier_or_lower",TRUE,0.231671554252199,,0.034799480586746,2,"annual_later_or_higher",FALSE,0.181547619047619,,-0.0163985698666304,3,"annual_earlier_or_lower",TRUE,0.273809523809524,
"HOG:0028661","root","no_recurrent_phase_shift",-0.0174246467616516,"annual_earlier_or_lower",2,0.56312625250501,0.149560117302053,0.0181780990275401,"annual_later_or_higher",3,0.535070140280561,0.113095238095238,TRUE,"perennial",TRUE,"SRP72 RNA-binding domain","signal recognition particle 72 kDa protein, putative, expressed",,,,,TRUE,FALSE,-0.0948584931248613,3,"annual_earlier_or_lower",TRUE,0.636363636363636,,-0.0881774689232167,3,"annual_earlier_or_lower",TRUE,0.532738095238095,,0,2,"tied",FALSE,0.00879765395894428,0.476236093293423,-0.095,3,"annual_earlier_or_lower",TRUE,0.546130952380952,0.275680042265669,-0.0286171387961483,3,"annual_earlier_or_lower",TRUE,0.343108504398827,,-0.0542791825217709,4,"annual_earlier_or_lower",TRUE,0.666666666666667,,-0.207442855917986,3,"annual_earlier_or_lower",TRUE,0.765395894428152,,-0.227367469372837,3,"annual_earlier_or_lower",TRUE,0.860119047619048,,-0.0104562673615084,3,"annual_earlier_or_lower",TRUE,0.154761904761905,
"HOG:0026234","leaf","no_recurrent_phase_shift",0.00951664137055148,"annual_later_or_higher",3,0.727454909819639,0.0879765395894428,-0.0183322161375486,"annual_earlier_or_lower",3,0.667334669338677,0.133928571428571,TRUE,"annual",TRUE,"zeta-carotene desaturase","zeta-carotene desaturase, chloroplast/chromoplast precursor, putative, expressed",,,,,TRUE,FALSE,0.0095005809279118,2,"annual_later_or_higher",FALSE,0.0997067448680352,,-0.0387040192294075,3,"annual_earlier_or_lower",TRUE,0.31547619047619,,0.115,3,"annual_later_or_higher",TRUE,0.626099706744868,0.70969473977682,-0.04,2,"annual_earlier_or_lower",FALSE,0.169642857142857,0.869673845773885,0.18093321125104,4,"annual_later_or_higher",TRUE,0.724340175953079,,0.0637268596408175,3,"annual_later_or_higher",TRUE,0.511904761904762,,0.225968977640053,4,"annual_later_or_higher",TRUE,0.797653958944281,,0.132611147951425,3,"annual_later_or_higher",TRUE,0.711309523809524,,0.00755278362004004,3,"annual_later_or_higher",TRUE,0.125,
