"locus","anchor_hog","direction","n_main_pathways","n_deployment_rankings","best_pathway_fdr","max_deployment_pair_agreement","pathway_terms","topology_metric","topology_group_separation","topology_exact_p","topology_feature","topology_median","topology_pair_agreement","topology_direction","topology_supported","BDIS","BSYL","HVUL","HJUB","BMAX","BMED","VBRO","FPRA","mean_effect_size","max_q","n_multicopy_species","best_arabi_gene","best_arabi_defline","best_rice_gene","best_rice_defline","hotspot_rank_within_direction"
"Bradi4g35977","HOG:0027918","annual",8,3,0.00323514598498051,3,"DNA binding;nucleic acid binding;nucleic acid metabolic process;protein binding;RNA biosynthetic process;zinc ion binding","matched_edge_correlation",0.0695647545338484,0.0857142857142857,"internal_edge_density",0.0869312483882445,3,"annual",TRUE,"Bradi4g35977.v3.2","Brasyl.5G407700.v2.1","HORVU.MOREX.r3.5HG0498460.V3","HJUBATUM.BCC2055.r1.5H_1G00545700","gene-Bmax_egapxtmp_034439","BMED2_gene-Bmax_egapxtmp_034439","VULPIA.BROMOIDES.r1.ctg15G00124410","gene-Fpra_egapxtmp_015136",11.0118149301397,8.62751533037932e-06,0,"AT2G16485","nucleic acid binding;zinc ion binding;DNA binding","LOC_Os09g36090","plus-3 domain containing protein, expressed",1
"Bradi1g26940","HOG:0025149","annual",6,3,0.00323514598498051,3,"DNA binding;nucleic acid binding;protein binding;zinc ion binding","neighborhood_jaccard",0.0214708112741365,0.0857142857142857,"internal_edge_density",0.0061494301698478,3,"annual",TRUE,"Bradi1g26940.v3.2","Brasyl.6G120700.v2.1","HORVU.MOREX.r3.2HG0143700.V3","HJUBATUM.BCC2055.r1.2H_1G00149780","gene-Bmax_egapxtmp_006146","BMED2_gene-Bmax_egapxtmp_006146","VULPIA.BROMOIDES.r1.ctg105G00020640","gene-Fpra_egapxtmp_027010",10.0485342179549,0.000266732103742468,0,"AT5G44800","chromatin remodeling 4","LOC_Os07g31450","CHR4/MI-2-LIKE, putative, expressed",2
"Bradi3g01297","HOG:0011541","annual",5,3,0.00323514598498051,3,"DNA binding;nucleic acid binding;nucleic acid metabolic process;protein binding;RNA biosynthetic process","matched_edge_correlation",0.0712464286192959,0.0571428571428571,"recurrent_coverage",0.0833333333333333,4,"annual",TRUE,"Bradi3g01297.v3.2","Brasyl.4G343700.v2.1","HORVU.MOREX.r3.6HG0543700.V3","HJUBATUM.BCC2055.r1.6H_1G00610160","gene-Bmax_egapxtmp_027989","BMED2_gene-Bmax_egapxtmp_027989","VULPIA.BROMOIDES.r1.ctg26G00322740","gene-Fpra_egapxtmp_010409",9.67642081463613,6.91915003998039e-13,0,"AT2G46020","transcription regulatory protein SNF2, putative","LOC_Os02g02290","SNF2 family N-terminal domain containing protein, expressed",3
"Bradi3g03330","HOG:0025959","annual",4,3,0.00816281669128308,3,"nucleic acid metabolic process;RNA biosynthetic process;zinc ion binding","matched_edge_correlation",0.0568834065762545,0.0857142857142857,"recurrent_coverage",0.0446428571428572,3,"annual",TRUE,"Bradi3g03330.v3.2","Brasyl.4G317700.v2.1","HORVU.MOREX.r3.6HG0556530.V3","HJUBATUM.BCC2055.r1.6H_1G00626110","gene-Bmax_egapxtmp_025764","BMED2_gene-Bmax_egapxtmp_025764","VULPIA.BROMOIDES.r1.ctg26G00331560","gene-Fpra_egapxtmp_007903",9.29748537630475,6.62049304338251e-07,4,"AT1G16710","histone acetyltransferase of the CBP family 12","LOC_Os02g04490","histone acetyltransferase HAC1, putative, expressed",4
"Bradi2g41720","HOG:0010481","annual",3,3,0.00323514598498051,3,"DNA binding;nucleic acid binding","matched_edge_correlation",0.053095470741484,0.0857142857142857,"recurrent_coverage",0.0462962962962963,3,"annual",TRUE,"Bradi2g41720.v3.2","Brasyl.1G251100.v2.1","HORVU.MOREX.r3.3HG0267440.V3","HJUBATUM.BCC2055.r1.3H_1G00288290","gene-Bmax_egapxtmp_054789","BMED2_gene-Bmax_egapxtmp_054789","VULPIA.BROMOIDES.r1.ctg8G00540780","gene-Fpra_egapxtmp_018479",10.2758009136757,1.43400663249576e-05,0,"AT3G24880","Helicase/SANT-associated, DNA binding protein","","",5
"Bradi5g26017","HOG:0032765","annual",2,2,0.034370137541847,3,"zinc ion binding","module_edge_jaccard",0.0231525607633231,0.114285714285714,"recurrent_coverage",0.12962962962963,3,"annual",TRUE,"Bradi5g26017.v3.2","Brasyl.9G286500.v2.1","HORVU.MOREX.r3.2HG0210490.V3","HJUBATUM.BCC2055.r1.2H_1G00223980","gene-Bmax_egapxtmp_004088","BMED2_gene-Bmax_egapxtmp_004088","VULPIA.BROMOIDES.r1.ctg89G00544010","gene-Fpra_egapxtmp_045005",10.035926110526,4.27151707905055e-08,1,"AT5G23110","Zinc finger, C3HC4 type (RING finger) family protein","","",6
"Bradi1g48264","HOG:0025923","annual",3,1,0.0060892752878677,3,"nucleic acid binding;nucleic acid metabolic process;protein binding","module_edge_jaccard",0.0413926658829897,0.0285714285714286,"internal_edge_density",0.00214144445202211,3,"annual",TRUE,"Bradi1g48264.v3.2","Brasyl.7G055400.v2.1","HORVU.MOREX.r3.5HG0476410.V3","HJUBATUM.BCC2055.r1.5H_1G00521510","gene-Bmax_egapxtmp_033792","BMED2_gene-Bmax_egapxtmp_033792","VULPIA.BROMOIDES.r1.ctg16G00151240","gene-Fpra_egapxtmp_010799",8.64316197155058,1.7831871593457e-06,0,"AT1G80070","Pre-mRNA-processing-splicing factor","LOC_Os05g07050","pre-mRNA-processing-splicing factor 8, putative, expressed",7
"Bradi3g42820","HOG:0031129","annual",1,1,0.00487950523414907,4,"oxidoreductase activity","neighborhood_jaccard",0.0291432596561185,0.114285714285714,"anchor_module_mean_strength_ratio",0.252369959671133,3,"annual",TRUE,"Bradi3g42820.v3.2","Brasyl.3G307100.v2.1","HORVU.MOREX.r3.7HG0642580.V3","HJUBATUM.BCC2055.r1.7H_1G00715130","gene-Bmax_egapxtmp_059011","BMED2_gene-Bmax_egapxtmp_059011","VULPIA.BROMOIDES.r1.ctg29G00361570","gene-Fpra_egapxtmp_007412",7.00040852814601,4.14763007891446e-24,1,"AT5G03880","Thioredoxin family protein","LOC_Os08g44400","glutathione S-transferase, N-terminal domain containing protein, expressed",8
"Bradi1g54390","HOG:0026234","annual",1,1,0.00487950523414907,3,"oxidoreductase activity","matched_edge_mean_abs_log_threshold_distance",0.000574456387752102,0.0571428571428571,"anchor_module_mean_strength_ratio",0.0569931363324374,3,"annual",TRUE,"Bradi1g54390.v3.2","Brasyl.6G166900.v2.1","HORVU.MOREX.r3.2HG0144000.V3","HJUBATUM.BCC2055.r1.2H_1G00157470","gene-Bmax_egapxtmp_008212","BMED2_gene-Bmax_egapxtmp_008212","VULPIA.BROMOIDES.r1.ctg123G00048360","gene-Fpra_egapxtmp_004624",6.29050975636702,4.34038586680089e-08,0,"AT3G04870","zeta-carotene desaturase","LOC_Os07g10490","zeta-carotene desaturase, chloroplast/chromoplast precursor, putative, expressed",9
"Bradi4g33310","HOG:0026838","annual",1,1,0.0336085263847882,3,"protein binding","matched_edge_correlation",0.0884747733561225,0.0285714285714286,"anchor_module_mean_strength_ratio",0.236155553226825,3,"annual",TRUE,"Bradi4g33310.v3.2","Brasyl.5G374200.v2.1","HORVU.MOREX.r3.6HG0619580.V3","HJUBATUM.BCC2055.r1.6H_1G00682650","gene-Bmax_egapxtmp_026957","BMED2_gene-Bmax_egapxtmp_026957","VULPIA.BROMOIDES.r1.ctg30G00387250","gene-Fpra_egapxtmp_047351",8.16800318945198,0.000607634894207157,0,"AT5G24350","(1 of 1) PTHR15922:SF2 - NEUROBLASTOMA-AMPLIFIED SEQUENCE","LOC_Os12g13150","expressed protein",10
"Bradi1g26420","HOG:0006131","annual",1,1,0.0336085263847882,2,"protein binding","neighborhood_jaccard",0.0301735929682282,0.114285714285714,"anchor_module_mean_strength_ratio",0.0722861964287757,3,"annual",TRUE,"Bradi1g26420.v3.2","Brasyl.6G114100.v2.1","HORVU.MOREX.r3.2HG0141710.V3","HJUBATUM.BCC2055.r1.2H_1G00148550","gene-Bmax_egapxtmp_006142","BMED2_gene-Bmax_egapxtmp_006142","VULPIA.BROMOIDES.r1.ctg105G00019340","gene-Fpra_egapxtmp_011406",9.65044378790437,0.000287227946331184,0,"AT5G55040","DNA-binding bromodomain-containing protein","","",11
"Bradi3g15410","HOG:0005857","annual",1,1,0.0336085263847882,3,"protein binding","matched_edge_correlation",0.0639366086533088,0.0857142857142857,"internal_edge_density",0.0658493349030433,3,"annual",TRUE,"Bradi3g15410.v3.2","Brasyl.3G032600.v2.1","HORVU.MOREX.r3.7HG0695240.V3","HJUBATUM.BCC2055.r1.7H_1G00769380","gene-Bmax_egapxtmp_059475","BMED2_gene-Bmax_egapxtmp_059475","VULPIA.BROMOIDES.r1.ctg47G00450910","gene-Fpra_egapxtmp_041563",10.238443974931,6.80363287079895e-07,0,"AT4G15180","SET domain protein 2","","",12
"Bradi2g59247","HOG:0027421","annual",1,1,0.0336085263847882,3,"protein binding","module_edge_jaccard",0.0402601355407494,0.0285714285714286,"internal_edge_density",0.0538578317134799,3,"annual",TRUE,"Bradi2g59247.v3.2","Brasyl.1G049600.v2.1","HORVU.MOREX.r3.3HG0311470.V3","HJUBATUM.BCC2055.r1.3H_1G00329870","gene-Bmax_egapxtmp_054110","BMED2_gene-Bmax_egapxtmp_054110","VULPIA.BROMOIDES.r1.ctg8G00501130","gene-Fpra_egapxtmp_035691",10.2185547809911,2.63807258723652e-09,0,"AT1G27430","GYF domain-containing protein","LOC_Os01g69990","GYF domain containing protein, putative, expressed",13
"Bradi4g35150","HOG:0017160","annual",1,1,0.0336085263847882,3,"protein binding","neighborhood_jaccard",0.0302879720325802,0.0571428571428571,"internal_edge_density",0.0399407455289809,3,"annual",TRUE,"Bradi4g35150.v3.2","Brasyl.5G396200.v2.1","HORVU.MOREX.r3.5HG0495950.V3","HJUBATUM.BCC2055.r1.5H_1G00542410","gene-Bmax_egapxtmp_034844","BMED2_gene-Bmax_egapxtmp_034844","VULPIA.BROMOIDES.r1.ctg15G00121680","gene-Fpra_egapxtmp_032350",5.50179297657193,0.000562345508083521,0,"AT1G05910","cell division cycle protein 48-related / CDC48-related","LOC_Os09g33980","bromodomain protein 103, putative, expressed",14
"Bradi2g20415","HOG:0010551","annual",1,1,0.0336085263847882,2,"protein binding","matched_edge_correlation",0.0666550050816833,0.0571428571428571,"internal_edge_density",0.0275093181598732,4,"annual",TRUE,"Bradi2g20415.v3.2","Brasyl.8G075300.v2.1","HORVU.MOREX.r3.1HG0078900.V3","HJUBATUM.BCC2055.r1.1H_1G00074280","gene-Bmax_egapxtmp_014707","BMED2_gene-Bmax_egapxtmp_014707","VULPIA.BROMOIDES.r1.ctg22G00257650","gene-Fpra_egapxtmp_011106",9.49386791181021,4.25709859214107e-06,0,"","","LOC_Os05g43280","MATH domain containing protein, expressed",15
"Bradi3g59577","HOG:0032903","annual",5,3,0.00323514598498051,3,"DNA binding;nucleic acid binding;nucleic acid metabolic process;RNA biosynthetic process","matched_edge_correlation",0.129828280841582,0.0571428571428571,"anchor_module_mean_strength_ratio",-0.0630601760699425,2,"perennial",FALSE,"Bradi3g59577.v3.2","Brasyl.4G020700.v2.1","HORVU.MOREX.r3.6HG0615660.V3","HJUBATUM.BCC2055.r1.6H_1G00677790","gene-Bmax_egapxtmp_028614","BMED2_gene-Bmax_egapxtmp_028614","VULPIA.BROMOIDES.r1.ctg30G00391620","gene-Fpra_egapxtmp_040204",9.75118419928434,5.31486554364546e-05,0,"AT3G48060","BAH domain ;TFIIS helical bundle-like domain","LOC_Os02g50840","BAH domain containing protein, putative, expressed",16
"Bradi2g16647","HOG:0026742","annual",5,3,0.00323514598498051,3,"DNA binding;nucleic acid binding;nucleic acid metabolic process;RNA biosynthetic process","matched_edge_mean_abs_log_threshold_distance",-1.83778379589244e-05,0.571428571428571,"internal_edge_density",-0.0446000420200192,3,"perennial",FALSE,"Bradi2g16647.v3.2","Brasyl.8G032800.v2.1","HORVU.MOREX.r3.1HG0087450.V3","HJUBATUM.BCC2055.r1.1H_1G00088530","gene-Bmax_egapxtmp_016983","BMED2_gene-Bmax_egapxtmp_016983","VULPIA.BROMOIDES.r1.ctg18G00210110","gene-Fpra_egapxtmp_001682",8.45125644422592,0.0019184856835251,4,"AT5G44180","Homeodomain-like transcriptional regulator","LOC_Os05g48820","DDT, putative, expressed",17
"Bradi3g59560","HOG:0032904","annual",5,3,0.00323514598498051,4,"DNA binding;nucleic acid binding;nucleic acid metabolic process;RNA biosynthetic process","matched_edge_correlation",0.037994961352255,0.285714285714286,"internal_edge_density",-0.0134365120654749,3,"perennial",FALSE,"Bradi3g59560.v3.2","Brasyl.4G020800.v2.1","HORVU.MOREX.r3.6HG0615650.V3","HJUBATUM.BCC2055.r1.6H_1G00677750","gene-Bmax_egapxtmp_026365","BMED2_gene-Bmax_egapxtmp_026365","VULPIA.BROMOIDES.r1.ctg30G00391600","gene-Fpra_egapxtmp_009251",8.28154759846543,0.000263958389903285,0,"AT3G48060","BAH domain ;TFIIS helical bundle-like domain","","",18
"Bradi1g57635","HOG:0025848","annual",3,3,0.00323514598498051,3,"DNA binding;nucleic acid binding","module_edge_jaccard",0.021801037972032,0.228571428571429,"anchor_module_mean_strength_ratio",0.0994181588737752,3,"annual",FALSE,"Bradi1g57635.v3.2","Brasyl.6G207200.v2.1","HORVU.MOREX.r3.7HG0748860.V3","HJUBATUM.BCC2055.r1.7H_1G00826200","gene-Bmax_egapxtmp_058018","BMED2_gene-Bmax_egapxtmp_058018","VULPIA.BROMOIDES.r1.ctg4G00414950","gene-Fpra_egapxtmp_035238",8.02472282520457,0.000156295980641291,2,"AT3G12810","SNF2 domain-containing protein / helicase domain-containing protein","LOC_Os02g46450","helicase conserved C-terminal domain containing protein, expressed",19
"Bradi2g14375","HOG:0010482","annual",3,3,0.00323514598498051,3,"DNA binding;nucleic acid binding","matched_edge_mean_abs_log_threshold_distance",0.00119913570456123,0.228571428571429,"internal_edge_density",0.0700798466693824,3,"annual",FALSE,"Bradi2g14375.v3.2","Brasyl.8G005900.v2.1","HORVU.MOREX.r3.1HG0094760.V3","HJUBATUM.BCC2055.r1.1H_1G00098370","gene-Bmax_egapxtmp_022057","BMED2_gene-Bmax_egapxtmp_022057","VULPIA.BROMOIDES.r1.ctg100G00006910","gene-Fpra_egapxtmp_023657",10.3743117226595,2.61395503127523e-05,1,"AT3G24880","Helicase/SANT-associated, DNA binding protein","","",20
"Bradi1g24950","HOG:0005683","annual",2,2,0.00816281669128308,3,"nucleic acid metabolic process;RNA biosynthetic process","matched_edge_correlation",0.0696965667291812,0.142857142857143,"internal_edge_density",0.0292247134352395,2,"annual",FALSE,"Bradi1g24950.v3.2","Brasyl.1G056600.v2.1","HORVU.MOREX.r3.3HG0309610.V3","HJUBATUM.BCC2055.r1.3H_1G00326910","gene-Bmax_egapxtmp_003456","BMED2_gene-Bmax_egapxtmp_003456","VULPIA.BROMOIDES.r1.ctg4G00424080","gene-Fpra_egapxtmp_037999",9.26150572407889,7.75618952321294e-06,1,"AT1G24706","THO2","LOC_Os01g68810","expressed protein",21
"Bradi1g18770","HOG:0006332","annual",2,2,0.0336085263847882,3,"protein binding;zinc ion binding","matched_edge_correlation",0.0467978055012624,0.142857142857143,"anchor_module_mean_strength_ratio",0.120442572940645,3,"annual",FALSE,"Bradi1g18770.v3.2","Brasyl.6G026100.v2.1","HORVU.MOREX.r3.2HG0116410.V3","HJUBATUM.BCC2055.r1.2H_1G00126320","gene-Bmax_egapxtmp_012881","BMED2_gene-Bmax_egapxtmp_012881","VULPIA.BROMOIDES.r1.ctg9G00556460","gene-Fpra_egapxtmp_012111",8.19098813603794,0.00178702145769106,0,"AT5G12400","DNA binding;zinc ion binding;DNA binding","LOC_Os07g46690","PHD-finger family protein, expressed",22
"Bradi4g07717","HOG:0028145","annual",2,2,0.0336085263847882,3,"protein binding;zinc ion binding","neighborhood_jaccard",0.0142473028883573,0.2,"internal_edge_density",0.0890612653493482,4,"annual",FALSE,"Bradi4g07717.v3.2","Brasyl.5G095100.v2.1","HORVU.MOREX.r3.5HG0506100.V3","HJUBATUM.BCC2055.r1.5H_1G00554520","gene-Bmax_egapxtmp_036151","BMED2_gene-Bmax_egapxtmp_036151","VULPIA.BROMOIDES.r1.ctg234G00304390","gene-Fpra_egapxtmp_044433",9.48397797653959,4.65617159510096e-07,2,"AT1G08060","ATP-dependent helicase family protein","LOC_Os06g01320","chromo domain containing protein, expressed",23
"Bradi2g03180","HOG:0028333","annual",2,2,0.034370137541847,3,"zinc ion binding","module_edge_jaccard",0.0223590944921728,0.171428571428571,"anchor_module_mean_strength_ratio",0.216995647522189,3,"annual",FALSE,"Bradi2g03180.v3.2","Brasyl.1G405000.v2.1","HORVU.MOREX.r3.3HG0230560.V3","HJUBATUM.BCC2055.r1.3H_1G00249610","gene-Bmax_egapxtmp_053916","BMED2_gene-Bmax_egapxtmp_053916","VULPIA.BROMOIDES.r1.ctg17G00172730","gene-Fpra_egapxtmp_024809",8.9564291706026,0.0001768227393807,2,"AT5G02310","proteolysis 6","LOC_Os01g05500","zinc finger protein, putative, expressed",24
"Bradi2g48010","HOG:0007713","annual",2,1,0.00487950523414907,3,"oxidoreductase activity;small molecule metabolic process","matched_edge_mean_abs_log_threshold_distance",0.000576551603540226,0.0285714285714286,"anchor_module_mean_strength_ratio",-0.161087645269119,3,"perennial",FALSE,"Bradi2g48010.v3.2","Brasyl.1G181000.v2.1","HORVU.MOREX.r3.3HG0284330.V3","HJUBATUM.BCC2055.r1.3H_1G00299130","gene-Bmax_egapxtmp_052634","BMED2_gene-Bmax_egapxtmp_052634","VULPIA.BROMOIDES.r1.ctg8G00528190","gene-Fpra_egapxtmp_035421",6.29841316662161,7.2567510635427e-09,0,"AT2G26080","glycine decarboxylase P-protein 2","LOC_Os06g40940","glycine dehydrogenase, putative, expressed",25
"Bradi1g07170","HOG:0026770","annual",2,1,0.00487950523414907,4,"oxidoreductase activity;small molecule metabolic process","matched_edge_mean_abs_log_threshold_distance",-0.000104936403203637,0.542857142857143,"anchor_module_mean_strength_ratio",-0.111625237630352,3,"perennial",FALSE,"Bradi1g07170.v3.2","Brasyl.2G332800.v2.1","HORVU.MOREX.r3.5HG0513810.V3","HJUBATUM.BCC2055.r1.5H_2G00603790","gene-Bmax_egapxtmp_025362","BMED2_gene-Bmax_egapxtmp_042631","VULPIA.BROMOIDES.r1.ctg99G00576450","gene-Fpra_egapxtmp_005190",6.96554902029837,2.2229249351776e-58,8,"AT2G22780","peroxisomal NAD-malate dehydrogenase 1","LOC_Os03g56280","lactate/malate dehydrogenase, putative, expressed",26
"Bradi3g12460","HOG:0025863","annual",2,1,0.00487950523414907,4,"oxidoreductase activity;small molecule metabolic process","matched_edge_mean_abs_log_threshold_distance",0.000833628855305156,0.0285714285714286,"anchor_module_mean_strength_ratio",-0.110774279198939,3,"perennial",FALSE,"Bradi3g12460.v3.2","Brasyl.3G310600.v2.1","HORVU.MOREX.r3.7HG0690370.V3","HJUBATUM.BCC2055.r1.7H_1G00761860","gene-Bmax_egapxtmp_058705","BMED2_gene-Bmax_egapxtmp_058705","VULPIA.BROMOIDES.r1.ctg29G00362010","gene-Fpra_egapxtmp_016087",6.95473278100101,4.39844406827696e-05,0,"AT5G58330","lactate/malate dehydrogenase family protein","LOC_Os08g44810","lactate/malate dehydrogenase, putative, expressed",27
"Bradi1g76470","HOG:0011862","annual",2,1,0.00487950523414907,3,"oxidoreductase activity;small molecule metabolic process","module_edge_jaccard",0.00349240126401995,0.285714285714286,"anchor_module_mean_strength_ratio",-0.0758608674809574,3,"perennial",FALSE,"Bradi1g76470.v3.2","Brasyl.2G029800.v2.1","HORVU.MOREX.r3.2HG0173220.V3","HJUBATUM.BCC2055.r1.2H_1G00179830","gene-Bmax_egapxtmp_008518","BMED2_gene-Bmax_egapxtmp_008518","VULPIA.BROMOIDES.r1.ctg16G00160060","gene-Fpra_egapxtmp_020445",6.87120272418345,4.04718371238708e-59,0,"AT1G42970","glyceraldehyde-3-phosphate dehydrogenase B subunit","LOC_Os03g03720","glyceraldehyde-3-phosphate dehydrogenase, putative, expressed",28
"Bradi1g25002","HOG:0032849","annual",2,1,0.0060892752878677,3,"nucleic acid binding;protein binding","matched_edge_mean_abs_log_threshold_distance",0.000420956905919694,0.314285714285714,"internal_edge_density",0.0583943833943834,3,"annual",FALSE,"Bradi1g25002.v3.2","Brasyl.6G098400.v2.1","HORVU.MOREX.r3.2HG0136090.V3","HJUBATUM.BCC2055.r1.2H_1G00144880","gene-Bmax_egapxtmp_006549","BMED2_gene-Bmax_egapxtmp_006549","VULPIA.BROMOIDES.r1.ctg105G00016330","gene-Fpra_egapxtmp_046851",9.77349453037144,1.06584880046572e-07,0,"AT3G60240","eukaryotic translation initiation factor 4G","LOC_Os07g36940","eukaryotic translation initiation factor 4G, putative, expressed",29
"Bradi2g21120","HOG:0006505","annual",2,1,0.024162186288861,3,"phosphorus metabolic process;small molecule metabolic process","module_edge_jaccard",0.0131251707739357,0.0571428571428571,"anchor_module_mean_strength_ratio",-0.181009581740014,3,"perennial",FALSE,"Bradi2g21120.v3.2","Brasyl.8G082200.v2.1","HORVU.MOREX.r3.1HG0068880.V3","HJUBATUM.BCC2055.r1.1H_1G00072070","gene-Bmax_egapxtmp_014838","BMED2_gene-Bmax_egapxtmp_014838","VULPIA.BROMOIDES.r1.ctg22G00256140","gene-Fpra_egapxtmp_004369",6.73691427190099,9.3591467777806e-42,8,"AT3G12780","phosphoglycerate kinase 1","LOC_Os05g41640","phosphoglycerate kinase protein, putative, expressed",30
"Bradi1g55740","HOG:0030062","annual",2,1,0.024162186288861,3,"phosphorus metabolic process;small molecule metabolic process","neighborhood_jaccard",0.0114593125585139,0.228571428571429,"anchor_module_mean_strength_ratio",-0.147555806796592,3,"perennial",FALSE,"Bradi1g55740.v3.2","Brasyl.6G183700.v2.1","HORVU.MOREX.r3.6HG0548700.V3","HJUBATUM.BCC2055.r1.2H_1G00158690","gene-Bmax_egapxtmp_006593","BMED2_gene-Bmax_egapxtmp_006593","VULPIA.BROMOIDES.r1.ctg23G00266370","gene-Fpra_egapxtmp_007054",6.62232563012083,5.68975271706863e-16,1,"AT3G04790","Ribose 5-phosphate isomerase, type A protein","LOC_Os07g08030","ribose-5-phosphate isomerase A, putative, expressed",31
"Bradi3g45140","HOG:0028720","annual",1,1,0.00487950523414907,3,"oxidoreductase activity","neighborhood_jaccard",0.038940242020515,0.0571428571428571,"anchor_module_mean_strength_ratio",-0.329069234688276,3,"perennial",FALSE,"Bradi3g45140.v3.2","Brasyl.4G191400.v2.1","HORVU.MOREX.r3.2HG0167220.V3","HJUBATUM.BCC2055.r1.2H_1G00174410","gene-Bmax_egapxtmp_008272","BMED2_gene-Bmax_egapxtmp_008272","VULPIA.BROMOIDES.r1.ctg23G00279640","gene-Fpra_egapxtmp_000952",7.53655648313665,1.21233513244697e-18,2,"AT3G11630","Thioredoxin superfamily protein","LOC_Os02g33450","peroxiredoxin, putative, expressed",32
"Bradi3g42340","HOG:0032320","annual",1,1,0.00487950523414907,4,"oxidoreductase activity","matched_edge_mean_abs_log_threshold_distance",0.000330012515002304,0.0857142857142857,"anchor_module_mean_strength_ratio",-0.190079462879828,3,"perennial",FALSE,"Bradi3g42340.v3.2","Brasyl.3G299100.v2.1","HORVU.MOREX.r3.7HG0687590.V3","HJUBATUM.BCC2055.r1.7H_1G00759940","gene-Bmax_egapxtmp_000328","BMED2_gene-Bmax_egapxtmp_000328","VULPIA.BROMOIDES.r1.ctg29G00360340","gene-Fpra_egapxtmp_025082",6.54855149395359,2.46204683734895e-14,8,"AT4G35000","ascorbate peroxidase 3","LOC_Os08g43560","OsAPx4 - Peroxisomal Ascorbate Peroxidase encoding gene 5,8,9, expressed",33
"Bradi1g74180","HOG:0027495","annual",1,1,0.00487950523414907,2,"oxidoreductase activity","module_edge_jaccard",0.0243424353573634,0.2,"internal_edge_density",-0.140776924437275,3,"perennial",FALSE,"Bradi1g74180.v3.2","Brasyl.2G058200.v2.1","HORVU.MOREX.r3.4HG0402490.V3","HJUBATUM.BCC2055.r1.4H_1G00438590","gene-Bmax_egapxtmp_028804","BMED2_gene-Bmax_egapxtmp_028804","VULPIA.BROMOIDES.r1.ctg16G00154170","gene-Fpra_egapxtmp_040314",6.62218289416385,0.00120509558078337,0,"AT3G54660","glutathione reductase","LOC_Os03g06740","glutathione reductase, putative, expressed",34
"Bradi3g06750","HOG:0025231","annual",1,1,0.00487950523414907,4,"oxidoreductase activity","neighborhood_jaccard",0.019506844366592,0.142857142857143,"internal_edge_density",-0.138397803586306,3,"perennial",FALSE,"Bradi3g06750.v3.2","Brasyl.4G272600.v2.1","HORVU.MOREX.r3.6HG0574460.V3","HJUBATUM.BCC2055.r1.6H_1G00641670","gene-Bmax_egapxtmp_025790","BMED2_gene-Bmax_egapxtmp_025790","VULPIA.BROMOIDES.r1.ctg67G00481640","gene-Fpra_egapxtmp_036390",7.94190111563415,2.6258781836097e-08,0,"AT3G52960","Thioredoxin superfamily protein","LOC_Os02g09940","peroxiredoxin, putative, expressed",35
"Bradi2g10770","HOG:0028012","annual",1,1,0.00487950523414907,3,"oxidoreductase activity","module_edge_jaccard",0.00107884197990338,0.4,"internal_edge_density",-0.0935359280227575,3,"perennial",FALSE,"Bradi2g10770.v3.2","Brasyl.1G308900.v2.1","HORVU.MOREX.r3.3HG0257850.V3","HJUBATUM.BCC2055.r1.3H_1G00279430","gene-Bmax_egapxtmp_047053","BMED2_gene-Bmax_egapxtmp_047053","VULPIA.BROMOIDES.r1.ctg17G00200850","gene-Fpra_egapxtmp_045564",7.12116694399685,9.45054151407973e-44,1,"AT3G56940","dicarboxylate diiron protein, putative (Crd1)","LOC_Os01g17170","magnesium-protoporphyrin IX monomethyl ester cyclase,chloroplast precursor, putative, expressed",36
"Bradi3g19310","HOG:0020408","annual",1,1,0.00487950523414907,3,"oxidoreductase activity","neighborhood_jaccard",0.0145036371348138,0.114285714285714,"anchor_module_mean_strength_ratio",-0.08273023316482,4,"perennial",FALSE,"Bradi3g19310.v3.2","Brasyl.3G075400.v2.1","HORVU.MOREX.r3.7HG0752790.V3","HJUBATUM.BCC2055.r1.7H_1G00831970","gene-Bmax_egapxtmp_051714","BMED2_gene-Bmax_egapxtmp_051714","VULPIA.BROMOIDES.r1.ctg47G00446080","gene-Fpra_egapxtmp_012013",7.14335911421858,2.1996560696442e-37,0,"AT1G16080","","LOC_Os08g16570","expressed protein",37
"Bradi3g06597","HOG:0027098","annual",1,1,0.00487950523414907,3,"oxidoreductase activity","matched_edge_mean_abs_log_threshold_distance",0.000756650049221657,0.0571428571428571,"recurrent_coverage",-0.0643939393939394,3,"perennial",FALSE,"Bradi3g06597.v3.2","Brasyl.4G274200.v2.1","HORVU.MOREX.r3.6HG0574960.V3","HJUBATUM.BCC2055.r1.6H_1G00642200","gene-Bmax_egapxtmp_028786","BMED2_gene-Bmax_egapxtmp_028786","VULPIA.BROMOIDES.r1.ctg67G00481380","gene-Fpra_egapxtmp_019303",6.41144525771536,4.6962359409889e-10,0,"AT3G10230","lycopene cyclase","LOC_Os02g09750","lycopene beta cyclase, chloroplast precursor, putative, expressed",38
"Bradi2g36890","HOG:0000322","annual",1,1,0.00487950523414907,2,"oxidoreductase activity","matched_edge_mean_abs_log_threshold_distance",0.000123768057099861,0.4,"internal_edge_density",0.0602739324918806,3,"annual",FALSE,"Bradi2g36890.v3.2","Brasyl.8G221800.v2.1","HORVU.MOREX.r3.1HG0018130.V3","HJUBATUM.BCC2055.r1.1H_1G00019480","gene-Bmax_egapxtmp_015741","BMED2_gene-Bmax_egapxtmp_015741","VULPIA.BROMOIDES.r1.ctg318G00411920","gene-Fpra_egapxtmp_047680",6.10070328910405,0.000317600955339798,0,"","","LOC_Os05g04620","expressed protein",39
"Bradi3g33544","HOG:0031530","annual",1,1,0.00487950523414907,3,"oxidoreductase activity","neighborhood_jaccard",0.0116896030407271,0.2,"internal_edge_density",-0.0586234357633146,4,"perennial",FALSE,"Bradi3g33544.v3.2","Brasyl.3G197500.v2.1","HORVU.MOREX.r3.1HG0057610.V3","HJUBATUM.BCC2055.r1.1H_1G00052490","gene-Bmax_egapxtmp_014535","BMED2_gene-Bmax_egapxtmp_014535","VULPIA.BROMOIDES.r1.ctg22G00238180","gene-Fpra_egapxtmp_039620",6.46010011447512,6.34045863717715e-06,7,"AT4G25130","peptide met sulfoxide reductase 4","LOC_Os10g41400","peptide methionine sulfoxide reductase, putative, expressed",40
"Bradi3g36930","HOG:0011023","annual",1,1,0.00487950523414907,3,"oxidoreductase activity","module_edge_jaccard",0.0134957888456336,0.0285714285714286,"internal_edge_density",-0.0213393626013835,3,"perennial",FALSE,"Bradi3g36930.v3.2","Brasyl.3G236800.v2.1","HORVU.MOREX.r3.2HG0130620.V3","HJUBATUM.BCC2055.r1.2H_1G00140690","gene-Bmax_egapxtmp_002024","BMED2_gene-Bmax_egapxtmp_002024","VULPIA.BROMOIDES.r1.ctg29G00365450","gene-Fpra_egapxtmp_024636",7.44154318920485,5.24415680824031e-44,0,"AT2G24270","aldehyde dehydrogenase 11A3","LOC_Os08g34210","aldehyde dehydrogenase, putative, expressed",41
"Bradi1g68460","HOG:0026637","annual",1,1,0.00816281669128308,2,"RNA biosynthetic process","matched_edge_mean_abs_log_threshold_distance",0.000514673437873838,0.228571428571429,"internal_edge_density",-0.125798191129999,4,"perennial",FALSE,"Bradi1g68460.v3.2","Brasyl.2G123100.v2.1","HORVU.MOREX.r3.4HG0392120.V3","HJUBATUM.BCC2055.r1.4H_1G00424970","gene-Bmax_egapxtmp_034091","BMED2_gene-Bmax_egapxtmp_034091","VULPIA.BROMOIDES.r1.ctg16G00142900","gene-Fpra_egapxtmp_040737",8.6890236381234,0.00961383200738335,0,"AT1G47900","Plant protein of unknown function (DUF869)","LOC_Os03g14250","plant protein of unknown function DUF869 domain containing protein, expressed",42
"Bradi2g28680","HOG:0024562","annual",1,1,0.00816281669128308,3,"RNA biosynthetic process","neighborhood_jaccard",0.0051613007939017,0.285714285714286,"internal_edge_density",-0.059969839266969,4,"perennial",FALSE,"Bradi2g28680.v3.2","Brasyl.8G158800.v2.1","HORVU.MOREX.r3.1HG0061850.V3","HJUBATUM.BCC2055.r1.1H_1G00054060","gene-Bmax_egapxtmp_017295","BMED2_gene-Bmax_egapxtmp_017295","VULPIA.BROMOIDES.r1.ctg22G00240440","gene-Fpra_egapxtmp_002698",5.47151357584968,1.03929256871316e-09,0,"AT3G51800","metallopeptidase M24 family protein","LOC_Os05g28280","peptidase, M24 family protein, putative, expressed",43
"Bradi5g22290","HOG:0017319","annual",1,1,0.024162186288861,3,"small molecule metabolic process","neighborhood_jaccard",0.0058390004093482,0.342857142857143,"internal_edge_density",-0.0989813899196303,3,"perennial",FALSE,"Bradi5g22290.v3.2","Brasyl.9G237600.v2.1","HORVU.MOREX.r3.2HG0194700.V3","HJUBATUM.BCC2055.r1.2H_1G00205030","gene-Bmax_egapxtmp_007996","BMED2_gene-Bmax_egapxtmp_007996","VULPIA.BROMOIDES.r1.ctg94G00570200","gene-Fpra_egapxtmp_017249",5.77352513558319,8.93415867540237e-05,0,"AT1G11860","Glycine cleavage T-protein family","LOC_Os04g53230","aminomethyltransferase, putative, expressed",44
"Bradi4g25680","HOG:0011497","annual",1,1,0.024162186288861,3,"small molecule metabolic process","neighborhood_jaccard",0.00531299783625344,0.285714285714286,"internal_edge_density",-0.0834278495463053,4,"perennial",FALSE,"Bradi4g25680.v3.2","Brasyl.5G284900.v2.1","HORVU.MOREX.r3.4HG0352920.V3","HJUBATUM.BCC2055.r1.4H_1G00376040","gene-Bmax_egapxtmp_052726","BMED2_gene-Bmax_egapxtmp_052726","VULPIA.BROMOIDES.r1.ctg14G00077210","gene-Fpra_egapxtmp_024014",6.39170536961375,0.00135416187552182,0,"AT1G08490","chloroplastic NIFS-like cysteine desulfurase","LOC_Os12g18900","aminotransferase, putative, expressed",45
"Bradi1g26350","HOG:0028766","annual",1,1,0.024162186288861,3,"small molecule metabolic process","neighborhood_jaccard",0.00724340896817921,0.285714285714286,"anchor_module_mean_strength_ratio",-0.0690532803405745,3,"perennial",FALSE,"Bradi1g26350.v3.2","Brasyl.6G113200.v2.1","HORVU.MOREX.r3.2HG0141490.V3","HJUBATUM.BCC2055.r1.2H_1G00148400","gene-Bmax_egapxtmp_004152","BMED2_gene-Bmax_egapxtmp_004152","VULPIA.BROMOIDES.r1.ctg105G00019210","gene-Fpra_egapxtmp_018100",6.97905465024423,1.62936540611907e-62,0,"AT4G04640","ATPase, F1 complex, gamma subunit protein","LOC_Os07g32880","ATP synthase gamma chain, putative, expressed",46
"Bradi2g34580","HOG:0004085","annual",1,1,0.024162186288861,3,"small molecule metabolic process","neighborhood_jaccard",0.0164491885500115,0.0285714285714286,"anchor_module_mean_strength_ratio",-0.068463141547895,3,"perennial",FALSE,"Bradi2g34580.v3.2","Brasyl.8G194800.v2.1","HORVU.MOREX.r3.1HG0025720.V3","HJUBATUM.BCC2055.r1.1H_1G00025240","gene-Bmax_egapxtmp_016170","BMED2_gene-Bmax_egapxtmp_016170","VULPIA.BROMOIDES.r1.ctg50G00462740","gene-Fpra_egapxtmp_028779",6.68415115893755,3.56162074191064e-34,0,"AT1G07110","fructose-2,6-bisphosphatase","LOC_Os05g07130","6PF-2-K/Fru-2,6-P2ASE liver isozyme, putative, expressed",47
"Bradi1g50530","HOG:0008733","annual",1,1,0.0297222724099314,3,"phosphorus metabolic process","neighborhood_jaccard",0.0192389871835242,0.228571428571429,"anchor_module_mean_strength_ratio",0.345333667019547,3,"annual",FALSE,"Bradi1g50530.v3.2","Brasyl.7G027100.v2.1","HORVU.MOREX.r3.7HG0640580.V3","HJUBATUM.BCC2055.r1.7H_1G00713180","gene-Bmax_egapxtmp_000630","BMED2_gene-Bmax_egapxtmp_000630","VULPIA.BROMOIDES.r1.ctg29G00348470","gene-Fpra_egapxtmp_017636",6.56791826009724,0.0259434225810427,1,"AT5G26570","catalytics;carbohydrate kinases;phosphoglucan, water dikinases","LOC_Os12g20150","phosphoglucan, water dikinase, chloroplast precursor, putative, expressed",48
"Bradi3g57820","HOG:0018459","annual",1,1,0.0297222724099314,4,"phosphorus metabolic process","neighborhood_jaccard",-0.00411783135926394,0.6,"anchor_module_mean_strength_ratio",0.168583848836352,3,"annual",FALSE,"Bradi3g57820.v3.2","Brasyl.4G037800.v2.1","HORVU.MOREX.r3.6HG0619150.V3","HJUBATUM.BCC2055.r1.6H_2G00734500","gene-Bmax_egapxtmp_026966","BMED2_gene-Bmax_egapxtmp_026966","VULPIA.BROMOIDES.r1.ctg30G00387010","gene-Fpra_egapxtmp_036207",10.0535533683633,0.0151798077463925,3,"AT5G09650","pyrophosphorylase 6","LOC_Os02g52940","soluble inorganic pyrophosphatase, putative, expressed",49
"Bradi3g10350","HOG:0027147","annual",1,1,0.0297222724099314,3,"phosphorus metabolic process","matched_edge_mean_abs_log_threshold_distance",0.000424720283824041,0.171428571428571,"anchor_module_mean_strength_ratio",-0.101268255233629,3,"perennial",FALSE,"Bradi3g10350.v3.2","Brasyl.4G230400.v2.1","HORVU.MOREX.r3.6HG0580660.V3","HJUBATUM.BCC2055.r1.6H_1G00647130","gene-Bmax_egapxtmp_026010","BMED2_gene-Bmax_egapxtmp_026010","VULPIA.BROMOIDES.r1.ctg102G00010050","gene-Fpra_egapxtmp_038494",6.25130697299752,5.97035123207247e-05,1,"AT2G20050","protein serine/threonine phosphatases;protein kinases;catalytics;cAMP-dependent protein kinase regulators;ATP binding;protein serine/threonine phosphatases","LOC_Os02g17970","AGC_PKA/PKG_like.1 - ACG kinases include homologs to PKA, PKG and PKC, expressed",50
"Bradi3g46590","HOG:0006008","annual",1,1,0.0336085263847882,3,"nucleic acid metabolic process","module_edge_jaccard",0.0414805508558523,0.0857142857142857,"anchor_module_mean_strength_ratio",-0.271520709660419,3,"perennial",FALSE,"Bradi3g46590.v3.2","Brasyl.4G174000.v2.1","HORVU.MOREX.r3.6HG0587680.V3","HJUBATUM.BCC2055.r1.6H_1G00651050","gene-Bmax_egapxtmp_029914","BMED2_gene-Bmax_egapxtmp_029914","VULPIA.BROMOIDES.r1.ctg30G00395420","gene-Fpra_egapxtmp_018438",6.69407074080298,0.0171848620597861,0,"AT4G08920","cryptochrome 1","LOC_Os02g36380","FAD binding domain of DNA photolyase domain containing protein, expressed",51
"Bradi1g00580","HOG:0011775","annual",1,1,0.0336085263847882,3,"protein binding","neighborhood_jaccard",0.0054744673193562,0.371428571428571,"anchor_module_mean_strength_ratio",0.257014028259799,3,"annual",FALSE,"Bradi1g00580.v3.2","Brasyl.2G420800.v2.1","HORVU.MOREX.r3.5HG0537810.V3","HJUBATUM.BCC2055.r1.5H_1G00599080","gene-Bmax_egapxtmp_041433","BMED2_gene-Bmax_egapxtmp_041433","VULPIA.BROMOIDES.r1.ctg96G00571160","gene-Fpra_egapxtmp_015832",6.85773034376142,0.0396280854807411,0,"AT1G16270","Protein kinase superfamily protein with octicosapeptide/Phox/Bem1p domain","","",52
"Bradi2g00660","HOG:0026902","annual",1,1,0.0336085263847882,3,"protein binding","module_edge_jaccard",-0.00191318966504472,0.628571428571429,"anchor_module_mean_strength_ratio",-0.232514336356236,3,"perennial",FALSE,"Bradi2g00660.v3.2","Brasyl.1G439100.v2.1","HORVU.MOREX.r3.3HG0224130.V3","HJUBATUM.BCC2055.r1.3H_1G00242070","gene-Bmax_egapxtmp_052393","BMED2_gene-Bmax_egapxtmp_052393","VULPIA.BROMOIDES.r1.ctg17G00178510","gene-Fpra_egapxtmp_030986",6.61730146028189,3.12041968691026e-15,0,"AT5G62810","peroxin 14","LOC_Os01g01720","pex14, putative, expressed",53
"Bradi1g43097","HOG:0027351","annual",1,1,0.0336085263847882,2,"protein binding","module_edge_jaccard",0.01842048044941,0.228571428571429,"anchor_module_mean_strength_ratio",0.223230214727976,3,"annual",FALSE,"Bradi1g43097.v3.2","Brasyl.4G052800.v2.1","HORVU.MOREX.r3.6HG0610930.V3","HJUBATUM.BCC2055.r1.6H_1G00672680","gene-Bmax_egapxtmp_028597","BMED2_gene-Bmax_egapxtmp_028597","VULPIA.BROMOIDES.r1.ctg266G00337550","gene-Fpra_egapxtmp_027328",5.36674875819543,0.00119491037462052,1,"AT3G13290","varicose-related","LOC_Os06g19660","WD domain, G-beta repeat domain containing protein, expressed",54
"Bradi1g19650","HOG:0026019","annual",1,1,0.0336085263847882,2,"protein binding","matched_edge_correlation",0.0070662379082222,0.4,"anchor_module_mean_strength_ratio",0.20328948065338,3,"annual",FALSE,"Bradi1g19650.v3.2","Brasyl.6G034500.v2.1","HORVU.MOREX.r3.2HG0119100.V3","HJUBATUM.BCC2055.r1.2H_1G00129660","gene-Bmax_egapxtmp_012253","BMED2_gene-Bmax_egapxtmp_012253","VULPIA.BROMOIDES.r1.ctg9G00554440","gene-Fpra_egapxtmp_015078",10.095827409239,6.35682885375178e-06,0,"AT4G36080","phosphotransferases, alcohol group as acceptor;binding;inositol or phosphatidylinositol kinases","","",55
"Bradi3g04840","HOG:0003621","annual",1,1,0.0336085263847882,2,"protein binding","neighborhood_jaccard",0.00559730363443653,0.4,"anchor_module_mean_strength_ratio",0.198564984573606,4,"annual",FALSE,"Bradi3g04840.v3.2","Brasyl.4G296100.v2.1","HORVU.MOREX.r3.6HG0566040.V3","HJUBATUM.BCC2055.r1.6H_1G00632510","gene-Bmax_egapxtmp_025400","BMED2_gene-Bmax_egapxtmp_025400","VULPIA.BROMOIDES.r1.ctg67G00475820","gene-Fpra_egapxtmp_026587",7.04496218837785,0.0344255785462079,0,"AT1G58230","binding","","",56
"Bradi4g02725","HOG:0010549","annual",1,1,0.0336085263847882,3,"protein binding","neighborhood_jaccard",0.00678714037047509,0.371428571428571,"anchor_module_mean_strength_ratio",0.165411192294364,3,"annual",FALSE,"Bradi4g02725.v3.2","Brasyl.5G031700.v2.1","HORVU.MOREX.r3.5HG0436490.V3","HJUBATUM.BCC2055.r1.5H_1G00485500","gene-Bmax_egapxtmp_033363","BMED2_gene-Bmax_egapxtmp_033363","VULPIA.BROMOIDES.r1.ctg107G00027440","gene-Fpra_egapxtmp_015486",5.75445495909107,0.0172385348617473,0,"AT1G04300","TRAF-like superfamily protein","LOC_Os12g40520","MATH domain containing protein, expressed",57
"Bradi4g08870","HOG:0003561","annual",1,1,0.0336085263847882,3,"nucleic acid metabolic process","neighborhood_jaccard",0.0117270458138944,0.171428571428571,"anchor_module_mean_strength_ratio",0.129724573927106,3,"annual",FALSE,"Bradi4g08870.v3.2","Brasyl.5G109300.v2.1","HORVU.MOREX.r3.5HG0469860.V3","HJUBATUM.BCC2055.r1.5H_1G00515600","gene-Bmax_egapxtmp_034797","BMED2_gene-Bmax_egapxtmp_034797","VULPIA.BROMOIDES.r1.ctg22G00238560","gene-Fpra_egapxtmp_017247",6.97318595844151,0.00231197857248895,2,"AT5G04560","HhH-GPD base excision DNA repair family protein","LOC_Os01g11900","hhH-GPD superfamily base excision DNA repair protein, expressed",58
"Bradi2g28007","HOG:0023138","annual",1,1,0.0336085263847882,3,"protein binding","module_edge_jaccard",-0.00176394928024504,0.371428571428571,"anchor_module_mean_strength_ratio",0.119731337343463,3,"annual",FALSE,"Bradi2g28007.v3.2","Brasyl.8G155700.v2.1","HORVU.MOREX.r3.1HG0061230.V3","HJUBATUM.BCC2055.r1.1H_1G00054760","gene-Bmax_egapxtmp_017834","BMED2_gene-Bmax_egapxtmp_017834","VULPIA.BROMOIDES.r1.ctg22G00250240","gene-Fpra_egapxtmp_016660",8.45002917375595,0.000357571708065444,1,"AT1G50030","target of rapamycin","","",59
"Bradi2g14340","HOG:0023048","annual",1,1,0.0336085263847882,2,"protein binding","neighborhood_jaccard",0.0246878014641424,0.171428571428571,"recurrent_coverage",0.1,3,"annual",FALSE,"Bradi2g14340.v3.2","Brasyl.8G005100.v2.1","HORVU.MOREX.r3.1HG0094930.V3","HJUBATUM.BCC2055.r1.1H_1G00098600","gene-Bmax_egapxtmp_016806","BMED2_gene-Bmax_egapxtmp_016806","VULPIA.BROMOIDES.r1.ctg256G00320380","gene-Fpra_egapxtmp_013973",8.5892188274115,0.0482127234880515,2,"AT3G54280","DNA binding;ATP binding;nucleic acid binding;binding;helicases;ATP binding;DNA binding;helicases","","",60
"Bradi2g15260","HOG:0005877","annual",1,1,0.0336085263847882,3,"protein binding","matched_edge_correlation",0.0396682611369358,0.257142857142857,"internal_edge_density",-0.027715189730036,3,"perennial",FALSE,"Bradi2g15260.v3.2","Brasyl.8G027400.v2.1","HORVU.MOREX.r3.1HG0089390.V3","HJUBATUM.BCC2055.r1.1H_1G00091200","gene-Bmax_egapxtmp_015360","BMED2_gene-Bmax_egapxtmp_015360","VULPIA.BROMOIDES.r1.ctg18G00206420","gene-Fpra_egapxtmp_007060",6.08468612280018,2.14670962572707e-05,4,"","","LOC_Os05g50480","protein of unknown function DUF1296 domain containing protein, expressed",61
"Bradi4g08567","HOG:0021825","annual",1,1,0.034370137541847,3,"zinc ion binding","neighborhood_jaccard",0.0133452195115508,0.171428571428571,"anchor_module_mean_strength_ratio",0.158254777217327,4,"annual",FALSE,"Bradi4g08567.v3.2","Brasyl.5G105100.v2.1","HORVU.MOREX.r3.5HG0469420.V3","HJUBATUM.BCC2055.r1.5H_1G00515330","gene-Bmax_egapxtmp_036191","BMED2_gene-Bmax_egapxtmp_036191","VULPIA.BROMOIDES.r1.ctg15G00098980","gene-Fpra_egapxtmp_040234",9.95907707089028,1.40541961755022e-11,0,"AT3G02260","auxin transport protein (BIG)","LOC_Os09g07300","BIG, putative, expressed",62
"Bradi1g02510","HOG:0024976","annual",1,1,0.0425092103461544,2,"zinc ion binding","module_edge_jaccard",0.0190780122689775,0.0857142857142857,"internal_edge_density",-0.0711987185091604,4,"perennial",FALSE,"Bradi1g02510.v3.2","Brasyl.2G392800.v2.1","HORVU.MOREX.r3.1HG0027850.V3","HJUBATUM.BCC2055.r1.1H_1G00026400","gene-Bmax_egapxtmp_002174","BMED2_gene-Bmax_egapxtmp_000992","VULPIA.BROMOIDES.r1.ctg12G00044300","gene-Fpra_egapxtmp_003686",4.74655717681019,8.50152422074764e-09,8,"AT2G21770","cellulose synthase A9","LOC_Os07g24190","CESA3 - cellulose synthase, expressed",63
"Bradi1g76520","HOG:0008697","perennial",2,2,0.00051222683354019,3,"cytoplasm;endomembrane system","module_edge_jaccard",0.0169627700216737,0.0571428571428571,"internal_edge_density",-0.0534291899807642,3,"perennial",TRUE,"Bradi1g76520.v3.2","Brasyl.2G029300.v2.1","HORVU.MOREX.r3.4HG0410640.V3","HJUBATUM.BCC2055.r1.4H_1G00449230","gene-Bmax_egapxtmp_052042","BMED2_gene-Bmax_egapxtmp_052042","VULPIA.BROMOIDES.r1.ctg16G00160190","gene-Fpra_egapxtmp_026717",4.49270721325784,6.2631552378552e-09,0,"AT1G76400","Ribophorin I","LOC_Os05g23600","dolichyl-diphosphooligosaccharide--protein glycosyltransferase 67 kDasubunit precursor, putative, expressed",1
"Bradi1g54510","HOG:0012511","perennial",2,1,0.00051222683354019,3,"cytoplasm;transport","matched_edge_correlation",0.0155596334305228,0.0857142857142857,"internal_edge_density",-0.0487338712370405,4,"perennial",TRUE,"Bradi1g54510.v3.2","Brasyl.2G115100.v2.1","HORVU.MOREX.r3.1HG0044090.V3","HJUBATUM.BCC2055.r1.1H_1G00040990","gene-Bmax_egapxtmp_008469","BMED2_gene-Bmax_egapxtmp_008469","VULPIA.BROMOIDES.r1.ctg123G00049410","gene-Fpra_egapxtmp_010091",4.84667752829399,3.22636371506308e-11,0,"AT4G34450","coatomer gamma-2 subunit, putative / gamma-2 coat protein, putative / gamma-2 COP, putative","LOC_Os07g10150","coatomer subunit gamma-2, putative, expressed",2
"Bradi2g08960","HOG:0006523","perennial",2,1,0.00051222683354019,3,"cytoplasm;transport","neighborhood_jaccard",0.0407826937201134,0.0285714285714286,"internal_edge_density",-0.0114684578326059,3,"perennial",TRUE,"Bradi2g08960.v3.2","Brasyl.1G331900.v2.1","HORVU.MOREX.r3.1HG0023990.V3","HJUBATUM.BCC2055.r1.1H_1G00023620","gene-Bmax_egapxtmp_017045","BMED2_gene-Bmax_egapxtmp_017045","VULPIA.BROMOIDES.r1.ctg17G00197180","gene-Fpra_egapxtmp_020734",4.12107750730212,2.03927425819045e-05,0,"","","LOC_Os01g14950","importin subunit alpha, putative, expressed",3
"Bradi2g57350","HOG:0028661","perennial",1,1,0.00051222683354019,3,"cytoplasm","module_edge_jaccard",0.0190661510634015,0.0285714285714286,"internal_edge_density",-0.0214423634766116,4,"perennial",TRUE,"Bradi2g57350.v3.2","Brasyl.1G073200.v2.1","HORVU.MOREX.r3.3HG0306610.V3","HJUBATUM.BCC2055.r1.3H_1G00322910","gene-Bmax_egapxtmp_058465","BMED2_gene-Bmax_egapxtmp_058465","VULPIA.BROMOIDES.r1.ctg102G00010570","gene-Fpra_egapxtmp_039599",4.40566928310289,2.02998589798405e-09,1,"AT1G67650","SRP72 RNA-binding domain","LOC_Os01g66560","signal recognition particle 72 kDa protein, putative, expressed",4
"Bradi2g45380","HOG:0028440","perennial",1,1,0.00504547220261103,4,"protein binding","neighborhood_jaccard",0.0290710066745275,0.0571428571428571,"anchor_module_mean_strength_ratio",-0.139921090936183,3,"perennial",TRUE,"Bradi2g45380.v3.2","Brasyl.1G211200.v2.1","HORVU.MOREX.r3.3HG0276480.V3","HJUBATUM.BCC2055.r1.3H_1G00292540","gene-Bmax_egapxtmp_053385","BMED2_gene-Bmax_egapxtmp_053385","VULPIA.BROMOIDES.r1.ctg8G00534570","gene-Fpra_egapxtmp_044851",5.40583235423889,0.00233807089405514,0,"AT5G24710","Transducin/WD40 repeat-like superfamily protein","LOC_Os01g46510","peptidase S8 and S53, subtilisin, kexin, sedolisin, putative, expressed",5
"Bradi1g02510","HOG:0024976","perennial",1,1,0.00504547220261103,3,"protein binding","module_edge_jaccard",0.0190780122689775,0.0857142857142857,"internal_edge_density",-0.0711987185091604,4,"perennial",TRUE,"Bradi1g02510.v3.2","Brasyl.2G392800.v2.1","HORVU.MOREX.r3.1HG0027850.V3","HJUBATUM.BCC2055.r1.1H_1G00026400","gene-Bmax_egapxtmp_002174","BMED2_gene-Bmax_egapxtmp_000992","VULPIA.BROMOIDES.r1.ctg12G00044300","gene-Fpra_egapxtmp_003686",4.74655717681019,8.50152422074764e-09,8,"AT2G21770","cellulose synthase A9","LOC_Os07g24190","CESA3 - cellulose synthase, expressed",6
"Bradi1g65490","HOG:0023564","perennial",1,1,0.0261726176354022,3,"transport","module_edge_jaccard",0.0237910564310951,0.0857142857142857,"internal_edge_density",-0.0936578530252987,4,"perennial",TRUE,"Bradi1g65490.v3.2","Brasyl.2G154700.v2.1","HORVU.MOREX.r3.1HG0061880.V3","HJUBATUM.BCC2055.r1.1H_1G00054030","gene-Bmax_egapxtmp_014616","BMED2_gene-Bmax_egapxtmp_014616","VULPIA.BROMOIDES.r1.ctg16G00136760","gene-Fpra_egapxtmp_002695",4.28549268440617,1.6084386607472e-09,1,"AT5G58590","RAN binding protein 1","LOC_Os03g18180","ranBP1 domain containing protein, expressed",7
"Bradi5g27500","HOG:0008637","perennial",1,1,0.0261726176354022,3,"transport","module_edge_jaccard",0.0317020842271649,0.114285714285714,"anchor_module_mean_strength_ratio",-0.0717085311068522,3,"perennial",TRUE,"Bradi5g27500.v3.2","Brasyl.9G301600.v2.1","HORVU.MOREX.r3.2HG0216940.V3","HJUBATUM.BCC2055.r1.2H_1G00231660","gene-Bmax_egapxtmp_006456","BMED2_gene-Bmax_egapxtmp_006456","VULPIA.BROMOIDES.r1.ctg4G00420770","gene-Fpra_egapxtmp_031020",4.63728228945011,2.40397720940467e-07,1,"AT2G16950","transportin 1","LOC_Os04g59494","transportin-2, putative, expressed",8
"Bradi1g48257","HOG:0012011","perennial",3,2,0.00051222683354019,3,"cytoplasm;endomembrane system;transport","matched_edge_mean_abs_log_threshold_distance",0.00171769217894088,0.0571428571428571,"anchor_module_mean_strength_ratio",0.151209928477134,3,"annual",FALSE,"Bradi1g48257.v3.2","Brasyl.7G055500.v2.1","HORVU.MOREX.r3.7HG0656090.V3","HJUBATUM.BCC2055.r1.7H_1G00729090","gene-Bmax_egapxtmp_056702","BMED2_gene-Bmax_egapxtmp_056702","VULPIA.BROMOIDES.r1.ctg24G00306000","gene-Fpra_egapxtmp_045683",5.73878301222153,0.00203135565205948,0,"AT1G60070","Adaptor protein complex AP-1, gamma subunit","LOC_Os06g07090","AP-1 complex subunit gamma-1, putative, expressed",9
"Bradi2g10910","HOG:0027704","perennial",3,2,0.00051222683354019,4,"cytoplasm;endomembrane system;transport","neighborhood_jaccard",0.0112249534208827,0.2,"recurrent_coverage",0.0673076923076925,3,"annual",FALSE,"Bradi2g10910.v3.2","Brasyl.1G306400.v2.1","HORVU.MOREX.r3.3HG0258150.V3","HJUBATUM.BCC2055.r1.3H_1G00280550","gene-Bmax_egapxtmp_035412","BMED2_gene-Bmax_egapxtmp_035412","VULPIA.BROMOIDES.r1.ctg17G00185190","gene-Fpra_egapxtmp_025506",4.8866147126308,3.22620805778391e-11,2,"AT4G31490","Coatomer, beta subunit","LOC_Os01g17430","coatomer subunit beta-1, putative, expressed",10
"Bradi3g54597","HOG:0012012","perennial",3,2,0.00051222683354019,3,"cytoplasm;endomembrane system;transport","matched_edge_mean_abs_log_threshold_distance",0.000275813732046163,0.171428571428571,"internal_edge_density",-0.0135264206230468,3,"perennial",FALSE,"Bradi3g54597.v3.2","Brasyl.4G076700.v2.1","HORVU.MOREX.r3.6HG0626940.V3","HJUBATUM.BCC2055.r1.6H_1G00693870","gene-Bmax_egapxtmp_026994","BMED2_gene-Bmax_egapxtmp_026994","VULPIA.BROMOIDES.r1.ctg90G00569160","gene-Fpra_egapxtmp_005579",4.72020417776319,6.85031184997109e-13,0,"AT1G60070","Adaptor protein complex AP-1, gamma subunit","LOC_Os02g56110","AP-1 complex subunit gamma-1, putative, expressed",11
"Bradi5g00510","HOG:0008696","perennial",2,2,0.00051222683354019,3,"cytoplasm;endomembrane system","matched_edge_mean_abs_log_threshold_distance",0.000111814442800343,0.342857142857143,"internal_edge_density",-0.0723300718888952,4,"perennial",FALSE,"Bradi5g00510.v3.2","Brasyl.9G009400.v2.1","HORVU.MOREX.r3.2HG0218010.V3","HJUBATUM.BCC2055.r1.2H_1G00233300","gene-Bmax_egapxtmp_052620","BMED2_gene-Bmax_egapxtmp_052620","VULPIA.BROMOIDES.r1.ctg17G00200950","gene-Fpra_egapxtmp_004396",5.34574249591524,0.0474529666141853,1,"AT2G01720","Ribophorin I","","",12
"Bradi2g31830","HOG:0026073","perennial",2,2,0.00051222683354019,4,"cytoplasm;endomembrane system","module_edge_jaccard",-0.00557826024280023,0.685714285714286,"recurrent_coverage",0.0274725274725276,2,"annual",FALSE,"Bradi2g31830.v3.2","Brasyl.8G170400.v2.1","HORVU.MOREX.r3.1HG0035230.V3","HJUBATUM.BCC2055.r1.1H_1G00032970","gene-Bmax_egapxtmp_014500","BMED2_gene-Bmax_egapxtmp_014500","VULPIA.BROMOIDES.r1.ctg50G00466740","gene-Fpra_egapxtmp_021594",4.7306257958596,8.0109519964592e-05,0,"AT5G11560","catalytics","LOC_Os05g14170","expressed protein",13
"Bradi2g58370","HOG:0032629","perennial",2,2,0.00051222683354019,3,"cytoplasm;endomembrane system","module_edge_jaccard",0.00545054770275522,0.4,"internal_edge_density",-0.0137475737697902,3,"perennial",FALSE,"Bradi2g58370.v3.2","Brasyl.1G060300.v2.1","HORVU.MOREX.r3.3HG0308820.V3","HJUBATUM.BCC2055.r1.3H_1G00325810","gene-Bmax_egapxtmp_053534","BMED2_gene-Bmax_egapxtmp_053534","VULPIA.BROMOIDES.r1.ctg8G00503440","gene-Fpra_egapxtmp_010643",4.91006165466215,1.04230178271668e-07,1,"AT4G21150","ribophorin II (RPN2) family protein","LOC_Os01g68324","dolichyl-diphosphooligosaccharide--protein glycosyltransferase 63 kDasubunit precursor, putative, expressed",14
"Bradi4g33310","HOG:0026838","perennial",2,2,0.00504547220261103,3,"protein binding;transport","matched_edge_correlation",0.0884747733561225,0.0285714285714286,"anchor_module_mean_strength_ratio",0.236155553226825,3,"annual",FALSE,"Bradi4g33310.v3.2","Brasyl.5G374200.v2.1","HORVU.MOREX.r3.6HG0619580.V3","HJUBATUM.BCC2055.r1.6H_1G00682650","gene-Bmax_egapxtmp_026957","BMED2_gene-Bmax_egapxtmp_026957","VULPIA.BROMOIDES.r1.ctg30G00387250","gene-Fpra_egapxtmp_047351",8.16800318945198,0.000607634894207157,0,"AT5G24350","(1 of 1) PTHR15922:SF2 - NEUROBLASTOMA-AMPLIFIED SEQUENCE","LOC_Os12g13150","expressed protein",15
"Bradi3g29700","HOG:0027639","perennial",2,2,0.00504547220261103,4,"membraneless organelle;protein binding","neighborhood_jaccard",-0.00421732811010653,0.6,"anchor_module_mean_strength_ratio",0.196526808818743,3,"annual",FALSE,"Bradi3g29700.v3.2","Brasyl.3G158900.v2.1","HORVU.MOREX.r3.1HG0046420.V3","HJUBATUM.BCC2055.r1.1H_1G00042730","gene-Bmax_egapxtmp_016017","BMED2_gene-Bmax_egapxtmp_016017","VULPIA.BROMOIDES.r1.ctg22G00230430","gene-Fpra_egapxtmp_004514",4.84841510261364,0.0166240675324758,0,"","","","",16
"Bradi1g05122","HOG:0028850","perennial",2,2,0.0261726176354022,4,"endomembrane system;transport","module_edge_jaccard",0.020817184786005,0.342857142857143,"recurrent_coverage",0.0774647887323945,2,"annual",FALSE,"Bradi1g05122.v3.2","Brasyl.2G357200.v2.1","HORVU.MOREX.r3.5HG0520760.V3","HJUBATUM.BCC2055.r1.5H_1G00567630","gene-Bmax_egapxtmp_042023","BMED2_gene-Bmax_egapxtmp_042023","VULPIA.BROMOIDES.r1.ctg99G00571930","gene-Fpra_egapxtmp_000968",4.00017006363763,0.047232116178521,1,"AT1G75850","VPS35 homolog B","LOC_Os03g58700","vacuolar protein sorting-associated protein 35, putative, expressed",17
"Bradi4g35977","HOG:0027918","perennial",3,1,0.00192618127129579,3,"DNA binding;protein binding;zinc ion binding","matched_edge_correlation",0.0695647545338484,0.0857142857142857,"internal_edge_density",0.0869312483882445,3,"annual",FALSE,"Bradi4g35977.v3.2","Brasyl.5G407700.v2.1","HORVU.MOREX.r3.5HG0498460.V3","HJUBATUM.BCC2055.r1.5H_1G00545700","gene-Bmax_egapxtmp_034439","BMED2_gene-Bmax_egapxtmp_034439","VULPIA.BROMOIDES.r1.ctg15G00124410","gene-Fpra_egapxtmp_015136",11.0118149301397,8.62751533037932e-06,0,"AT2G16485","nucleic acid binding;zinc ion binding;DNA binding","LOC_Os09g36090","plus-3 domain containing protein, expressed",18
"Bradi1g26940","HOG:0025149","perennial",3,1,0.00192618127129579,4,"DNA binding;protein binding;zinc ion binding","neighborhood_jaccard",0.0214708112741365,0.0857142857142857,"internal_edge_density",0.0061494301698478,3,"annual",FALSE,"Bradi1g26940.v3.2","Brasyl.6G120700.v2.1","HORVU.MOREX.r3.2HG0143700.V3","HJUBATUM.BCC2055.r1.2H_1G00149780","gene-Bmax_egapxtmp_006146","BMED2_gene-Bmax_egapxtmp_006146","VULPIA.BROMOIDES.r1.ctg105G00020640","gene-Fpra_egapxtmp_027010",10.0485342179549,0.000266732103742468,0,"AT5G44800","chromatin remodeling 4","LOC_Os07g31450","CHR4/MI-2-LIKE, putative, expressed",19
"Bradi3g52460","HOG:0021123","perennial",3,1,0.00323514598498051,3,"membraneless organelle;structural molecule activity;translation","neighborhood_jaccard",0.00995582314144261,0.2,"internal_edge_density",0.054218480914633,3,"annual",FALSE,"Bradi3g52460.v3.2","Brasyl.4G103600.v2.1","HORVU.MOREX.r3.2HG0194250.V3","HJUBATUM.BCC2055.r1.2H_1G00202580","gene-Bmax_egapxtmp_027942","BMED2_gene-Bmax_egapxtmp_027942","VULPIA.BROMOIDES.r1.ctg126G00051820","gene-Fpra_egapxtmp_014398",6.92206441074207,1.85023238318551e-09,0,"AT2G37190","Ribosomal protein L11 family protein","LOC_Os04g50990","L11 domain containing ribosomal protein, putative, expressed",20
"Bradi3g01190","HOG:0000122","perennial",3,1,0.00323514598498051,3,"membraneless organelle;structural molecule activity;translation","neighborhood_jaccard",0.00224784899789746,0.342857142857143,"internal_edge_density",0.0523004763136342,2,"annual",FALSE,"Bradi3g01190.v3.2","Brasyl.4G070600.v2.1","HORVU.MOREX.r3.6HG0628850.V3","HJUBATUM.BCC2055.r1.6H_1G00695940","gene-Bmax_egapxtmp_026151","BMED2_gene-Bmax_egapxtmp_026151","VULPIA.BROMOIDES.r1.ctg153G00125260","gene-Fpra_egapxtmp_003257",7.71698612174843,1.4613154859687e-06,0,"AT1G52300","Zinc-binding ribosomal protein family protein","","",21
"Bradi1g27332","HOG:0024337","perennial",3,1,0.00323514598498051,3,"membraneless organelle;structural molecule activity;translation","neighborhood_jaccard",0.00443300770625155,0.4,"internal_edge_density",0.0465590561180639,4,"annual",FALSE,"Bradi1g27332.v3.2","Brasyl.3G115600.v2.1","HORVU.MOREX.r3.2HG0146330.V3","HJUBATUM.BCC2055.r1.2H_1G00149880","gene-Bmax_egapxtmp_005575","BMED2_gene-Bmax_egapxtmp_005575","VULPIA.BROMOIDES.r1.ctg105G00021470","gene-Fpra_egapxtmp_009325",6.44065945273785,4.508185511318e-10,0,"AT4G16720","Ribosomal protein L23/L15e family protein","LOC_Os03g40180","60S ribosomal protein L15, putative, expressed",22
"Bradi1g17920","HOG:0023227","perennial",3,1,0.00323514598498051,3,"membraneless organelle;structural molecule activity;translation","neighborhood_jaccard",0.00562642380154627,0.371428571428571,"recurrent_coverage",-0.0375,3,"perennial",FALSE,"Bradi1g17920.v3.2","Brasyl.2G181700.v2.1","HORVU.MOREX.r3.2HG0112820.V3","HJUBATUM.BCC2055.r1.2H_1G00122740","gene-Bmax_egapxtmp_008384","BMED2_gene-Bmax_egapxtmp_008384","VULPIA.BROMOIDES.r1.ctg16G00130390","gene-Fpra_egapxtmp_006142",6.28529879823581,1.13589892227104e-13,2,"AT3G16780","Ribosomal protein L19e family protein","","",23
"Bradi4g24610","HOG:0007833","perennial",3,1,0.00323514598498051,3,"membraneless organelle;structural molecule activity;translation","neighborhood_jaccard",0.00258355549973549,0.371428571428571,"internal_edge_density",0.0295862474729503,3,"annual",FALSE,"Bradi4g24610.v3.2","Brasyl.5G275100.v2.1","HORVU.MOREX.r3.4HG0349380.V3","HJUBATUM.BCC2055.r1.4H_1G00373820","gene-Bmax_egapxtmp_034321","BMED2_gene-Bmax_egapxtmp_034321","VULPIA.BROMOIDES.r1.ctg14G00079590","gene-Fpra_egapxtmp_016667",6.34361257946475,5.51426200981013e-12,0,"AT1G61580","R-protein L3 B","LOC_Os12g07010","ribosomal protein L3, putative, expressed",24
"Bradi1g62210","HOG:0028636","perennial",2,1,0.00051222683354019,3,"cytoplasm;transport","module_edge_jaccard",0.0213987869745493,0.0857142857142857,"anchor_module_mean_strength_ratio",0.219912947094603,3,"annual",FALSE,"Bradi1g62210.v3.2","Brasyl.2G192700.v2.1","HORVU.MOREX.r3.4HG0374910.V3","HJUBATUM.BCC2055.r1.4H_1G00401100","gene-Bmax_egapxtmp_043678","BMED2_gene-Bmax_egapxtmp_043678","VULPIA.BROMOIDES.r1.ctg16G00128650","gene-Fpra_egapxtmp_035960",5.0411153171061,0.000686127017006026,0,"AT4G11380","Adaptin family protein","LOC_Os03g23950","adapitin protein, putative, expressed",25
"Bradi5g09930","HOG:0016371","perennial",2,1,0.00051222683354019,3,"cytoplasm;transport","module_edge_jaccard",0.01543173855583,0.142857142857143,"anchor_module_mean_strength_ratio",-0.124806366546438,3,"perennial",FALSE,"Bradi5g09930.v3.2","Brasyl.9G096800.v2.1","HORVU.MOREX.r3.2HG0167650.V3","HJUBATUM.BCC2055.r1.2H_1G00175050","gene-Bmax_egapxtmp_006620","BMED2_gene-Bmax_egapxtmp_006620","VULPIA.BROMOIDES.r1.ctg23G00280340","gene-Fpra_egapxtmp_010021",5.11417604602276,0.0023319262309291,0,"AT1G76850","exocyst complex component sec5","LOC_Os04g34450","expressed protein",26
"Bradi3g07923","HOG:0005666","perennial",2,1,0.00051222683354019,3,"cytoplasm;transport","module_edge_jaccard",0.014446698343329,0.228571428571429,"anchor_module_mean_strength_ratio",-0.0315628160967295,3,"perennial",FALSE,"Bradi3g07923.v3.2","Brasyl.4G258400.v2.1","HORVU.MOREX.r3.6HG0576880.V3","HJUBATUM.BCC2055.r1.6H_1G00643480","gene-Bmax_egapxtmp_026712","BMED2_gene-Bmax_egapxtmp_026712","VULPIA.BROMOIDES.r1.ctg102G00013380","gene-Fpra_egapxtmp_043838",4.74476447379515,1.05876086574272e-05,0,"","","","",27
"Bradi2g58660","HOG:0025124","perennial",2,1,0.00051222683354019,3,"cytoplasm;transport","matched_edge_correlation",0.00746190021031339,0.371428571428571,"internal_edge_density",0.0202955506065835,3,"annual",FALSE,"Bradi2g58660.v3.2","Brasyl.1G057300.v2.1","HORVU.MOREX.r3.3HG0309540.V3","HJUBATUM.BCC2055.r1.3H_1G00326820","gene-Bmax_egapxtmp_053016","BMED2_gene-Bmax_egapxtmp_053016","VULPIA.BROMOIDES.r1.ctg8G00502880","gene-Fpra_egapxtmp_047553",4.39426571548169,0.00014468387013376,0,"AT1G31730","Adaptin family protein","LOC_Os01g68750","adaptin, putative, expressed",28
"Bradi3g01297","HOG:0011541","perennial",2,1,0.00192618127129579,3,"DNA binding;protein binding","matched_edge_correlation",0.0712464286192959,0.0571428571428571,"recurrent_coverage",0.0833333333333333,4,"annual",FALSE,"Bradi3g01297.v3.2","Brasyl.4G343700.v2.1","HORVU.MOREX.r3.6HG0543700.V3","HJUBATUM.BCC2055.r1.6H_1G00610160","gene-Bmax_egapxtmp_027989","BMED2_gene-Bmax_egapxtmp_027989","VULPIA.BROMOIDES.r1.ctg26G00322740","gene-Fpra_egapxtmp_010409",9.67642081463613,6.91915003998039e-13,0,"AT2G46020","transcription regulatory protein SNF2, putative","LOC_Os02g02290","SNF2 family N-terminal domain containing protein, expressed",29
"Bradi5g26017","HOG:0032765","perennial",2,1,0.00504547220261103,3,"protein binding;zinc ion binding","module_edge_jaccard",0.0231525607633231,0.114285714285714,"recurrent_coverage",0.12962962962963,3,"annual",FALSE,"Bradi5g26017.v3.2","Brasyl.9G286500.v2.1","HORVU.MOREX.r3.2HG0210490.V3","HJUBATUM.BCC2055.r1.2H_1G00223980","gene-Bmax_egapxtmp_004088","BMED2_gene-Bmax_egapxtmp_004088","VULPIA.BROMOIDES.r1.ctg89G00544010","gene-Fpra_egapxtmp_045005",10.035926110526,4.27151707905055e-08,1,"AT5G23110","Zinc finger, C3HC4 type (RING finger) family protein","","",30
"Bradi1g18770","HOG:0006332","perennial",2,1,0.00504547220261103,4,"protein binding;zinc ion binding","matched_edge_correlation",0.0467978055012624,0.142857142857143,"anchor_module_mean_strength_ratio",0.120442572940645,3,"annual",FALSE,"Bradi1g18770.v3.2","Brasyl.6G026100.v2.1","HORVU.MOREX.r3.2HG0116410.V3","HJUBATUM.BCC2055.r1.2H_1G00126320","gene-Bmax_egapxtmp_012881","BMED2_gene-Bmax_egapxtmp_012881","VULPIA.BROMOIDES.r1.ctg9G00556460","gene-Fpra_egapxtmp_012111",8.19098813603794,0.00178702145769106,0,"AT5G12400","DNA binding;zinc ion binding;DNA binding","LOC_Os07g46690","PHD-finger family protein, expressed",31
"Bradi4g07717","HOG:0028145","perennial",2,1,0.00504547220261103,3,"protein binding;zinc ion binding","neighborhood_jaccard",0.0142473028883573,0.2,"internal_edge_density",0.0890612653493482,4,"annual",FALSE,"Bradi4g07717.v3.2","Brasyl.5G095100.v2.1","HORVU.MOREX.r3.5HG0506100.V3","HJUBATUM.BCC2055.r1.5H_1G00554520","gene-Bmax_egapxtmp_036151","BMED2_gene-Bmax_egapxtmp_036151","VULPIA.BROMOIDES.r1.ctg234G00304390","gene-Fpra_egapxtmp_044433",9.48397797653959,4.65617159510096e-07,2,"AT1G08060","ATP-dependent helicase family protein","LOC_Os06g01320","chromo domain containing protein, expressed",32
"Bradi3g57220","HOG:0006139","perennial",1,1,0.00051222683354019,3,"cytoplasm","module_edge_jaccard",0.00861146622114284,0.257142857142857,"anchor_module_mean_strength_ratio",-0.286129177132089,3,"perennial",FALSE,"Bradi3g57220.v3.2","Brasyl.4G044500.v2.1","HORVU.MOREX.r3.6HG0620220.V3","HJUBATUM.BCC2055.r1.6H_1G00684400","gene-Bmax_egapxtmp_027970","BMED2_gene-Bmax_egapxtmp_027970","VULPIA.BROMOIDES.r1.ctg30G00384980","gene-Fpra_egapxtmp_002794",7.75201253969002,2.52163485118463e-09,0,"AT5G49030","tRNA synthetase class I (I, L, M and V) family protein","LOC_Os02g53770","tRNA synthetase class I, putative, expressed",33
"Bradi3g33770","HOG:0026451","perennial",1,1,0.00051222683354019,3,"cytoplasm","module_edge_jaccard",0.105678626928627,0.0285714285714286,"anchor_module_mean_strength_ratio",0.235085916096027,4,"annual",FALSE,"Bradi3g33770.v3.2","Brasyl.3G199700.v2.1","HORVU.MOREX.r3.1HG0057040.V3","HJUBATUM.BCC2055.r1.1H_1G00052080","gene-Bmax_egapxtmp_014573","BMED2_gene-Bmax_egapxtmp_014573","VULPIA.BROMOIDES.r1.ctg22G00238690","gene-Fpra_egapxtmp_018747",20.846175106012,0.0366929100781217,0,"AT2G44650","chloroplast chaperonin 10","LOC_Os10g41710","chaperonin, putative, expressed",34
"Bradi3g57750","HOG:0026340","perennial",1,1,0.00051222683354019,3,"cytoplasm","neighborhood_jaccard",-0.00408929423548643,0.514285714285714,"anchor_module_mean_strength_ratio",-0.0790102087080625,2,"perennial",FALSE,"Bradi3g57750.v3.2","Brasyl.4G038600.v2.1","HORVU.MOREX.r3.5HG0446870.V3","HJUBATUM.BCC2055.r1.5H_1G00495820","gene-Bmax_egapxtmp_045831","BMED2_gene-Bmax_egapxtmp_045831","VULPIA.BROMOIDES.r1.ctg8G00519540","gene-Fpra_egapxtmp_004629",86.7902932875257,0.00302375763425811,0,"AT5G53850","haloacid dehalogenase-like hydrolase family protein","LOC_Os11g29370","haloacid dehalogenase-like hydrolase family protein, putative, expressed",35
"Bradi1g54200","HOG:0021943","perennial",1,1,0.00051222683354019,3,"cytoplasm","matched_edge_mean_abs_log_threshold_distance",-0.00017237770888956,0.657142857142857,"anchor_module_mean_strength_ratio",0.074290547344934,3,"annual",FALSE,"Bradi1g54200.v3.2","Brasyl.6G163400.v2.1","HORVU.MOREX.r3.7HG0726790.V3","HJUBATUM.BCC2055.r1.7H_1G00795230","gene-Bmax_egapxtmp_005006","BMED2_gene-Bmax_egapxtmp_005006","VULPIA.BROMOIDES.r1.ctg123G00048560","gene-Fpra_egapxtmp_003001",4.52131278070195,0.0414930991463333,1,"AT5G66680","dolichyl-diphosphooligosaccharide-protein glycosyltransferase 48kDa subunit family protein","LOC_Os07g10830","dolichyl-diphosphooligosaccharide--protein glycosyltransferase 48 kDasubunit precursor, putative, expressed",36
"Bradi1g46596","HOG:0010703","perennial",1,1,0.00051222683354019,2,"cytoplasm","module_edge_jaccard",0.0555635960652409,0.228571428571429,"internal_edge_density",0.0721139971139972,3,"annual",FALSE,"Bradi1g46596.v3.2","Brasyl.4G014700.v2.1","HORVU.MOREX.r3.5HG0480620.V3","HJUBATUM.BCC2055.r1.7H_1G00735730","gene-Bmax_egapxtmp_001956","BMED2_gene-Bmax_egapxtmp_001956","VULPIA.BROMOIDES.r1.ctg15G00110710","gene-Fpra_egapxtmp_020764",13.8956414259732,0.0172463315199586,4,"AT5G20720","chaperonin 20","LOC_Os06g09679","chaperonin, putative, expressed",37
"Bradi1g37790","HOG:0016636","perennial",1,1,0.00051222683354019,3,"cytoplasm","neighborhood_jaccard",0.00828304032585653,0.142857142857143,"internal_edge_density",-0.0357884721528378,4,"perennial",FALSE,"Bradi1g37790.v3.2","Brasyl.3G200500.v2.1","HORVU.MOREX.r3.4HG0397450.V3","HJUBATUM.BCC2055.r1.1H_1G00050470","gene-Bmax_egapxtmp_000224","BMED2_gene-Bmax_egapxtmp_000224","VULPIA.BROMOIDES.r1.ctg10G00002560","gene-Fpra_egapxtmp_002316",5.28120741007711,2.10870252625461e-20,4,"AT1G24510","TCP-1/cpn60 chaperonin family protein","","",38
"Bradi1g48010","HOG:0026361","perennial",1,1,0.00051222683354019,4,"cytoplasm","matched_edge_mean_abs_log_threshold_distance",-0.000355759886523893,0.628571428571429,"internal_edge_density",-0.0352483376281669,2,"perennial",FALSE,"Bradi1g48010.v3.2","Brasyl.4G078500.v2.1","HORVU.MOREX.r3.6HG0626650.V3","HJUBATUM.BCC2055.r1.6H_1G00693400","gene-Bmax_egapxtmp_026978","BMED2_gene-Bmax_egapxtmp_026978","VULPIA.BROMOIDES.r1.ctg30G00379720","gene-Fpra_egapxtmp_014157",3.51991804933971,0.0114343069018457,1,"AT3G05530","regulatory particle triple-A ATPase 5A","LOC_Os06g07630","26S protease regulatory subunit 6A, putative, expressed",39
"Bradi1g57635","HOG:0025848","perennial",1,1,0.00192618127129579,3,"DNA binding","module_edge_jaccard",0.021801037972032,0.228571428571429,"anchor_module_mean_strength_ratio",0.0994181588737752,3,"annual",FALSE,"Bradi1g57635.v3.2","Brasyl.6G207200.v2.1","HORVU.MOREX.r3.7HG0748860.V3","HJUBATUM.BCC2055.r1.7H_1G00826200","gene-Bmax_egapxtmp_058018","BMED2_gene-Bmax_egapxtmp_058018","VULPIA.BROMOIDES.r1.ctg4G00414950","gene-Fpra_egapxtmp_035238",8.02472282520457,0.000156295980641291,2,"AT3G12810","SNF2 domain-containing protein / helicase domain-containing protein","LOC_Os02g46450","helicase conserved C-terminal domain containing protein, expressed",40
"Bradi2g14375","HOG:0010482","perennial",1,1,0.00192618127129579,4,"DNA binding","matched_edge_mean_abs_log_threshold_distance",0.00119913570456123,0.228571428571429,"internal_edge_density",0.0700798466693824,3,"annual",FALSE,"Bradi2g14375.v3.2","Brasyl.8G005900.v2.1","HORVU.MOREX.r3.1HG0094760.V3","HJUBATUM.BCC2055.r1.1H_1G00098370","gene-Bmax_egapxtmp_022057","BMED2_gene-Bmax_egapxtmp_022057","VULPIA.BROMOIDES.r1.ctg100G00006910","gene-Fpra_egapxtmp_023657",10.3743117226595,2.61395503127523e-05,1,"AT3G24880","Helicase/SANT-associated, DNA binding protein","","",41
"Bradi3g59577","HOG:0032903","perennial",1,1,0.00192618127129579,4,"DNA binding","matched_edge_correlation",0.129828280841582,0.0571428571428571,"anchor_module_mean_strength_ratio",-0.0630601760699425,2,"perennial",FALSE,"Bradi3g59577.v3.2","Brasyl.4G020700.v2.1","HORVU.MOREX.r3.6HG0615660.V3","HJUBATUM.BCC2055.r1.6H_1G00677790","gene-Bmax_egapxtmp_028614","BMED2_gene-Bmax_egapxtmp_028614","VULPIA.BROMOIDES.r1.ctg30G00391620","gene-Fpra_egapxtmp_040204",9.75118419928434,5.31486554364546e-05,0,"AT3G48060","BAH domain ;TFIIS helical bundle-like domain","LOC_Os02g50840","BAH domain containing protein, putative, expressed",42
"Bradi2g41720","HOG:0010481","perennial",1,1,0.00192618127129579,4,"DNA binding","matched_edge_correlation",0.053095470741484,0.0857142857142857,"recurrent_coverage",0.0462962962962963,3,"annual",FALSE,"Bradi2g41720.v3.2","Brasyl.1G251100.v2.1","HORVU.MOREX.r3.3HG0267440.V3","HJUBATUM.BCC2055.r1.3H_1G00288290","gene-Bmax_egapxtmp_054789","BMED2_gene-Bmax_egapxtmp_054789","VULPIA.BROMOIDES.r1.ctg8G00540780","gene-Fpra_egapxtmp_018479",10.2758009136757,1.43400663249576e-05,0,"AT3G24880","Helicase/SANT-associated, DNA binding protein","","",43
"Bradi2g16647","HOG:0026742","perennial",1,1,0.00192618127129579,4,"DNA binding","matched_edge_mean_abs_log_threshold_distance",-1.83778379589244e-05,0.571428571428571,"internal_edge_density",-0.0446000420200192,3,"perennial",FALSE,"Bradi2g16647.v3.2","Brasyl.8G032800.v2.1","HORVU.MOREX.r3.1HG0087450.V3","HJUBATUM.BCC2055.r1.1H_1G00088530","gene-Bmax_egapxtmp_016983","BMED2_gene-Bmax_egapxtmp_016983","VULPIA.BROMOIDES.r1.ctg18G00210110","gene-Fpra_egapxtmp_001682",8.45125644422592,0.0019184856835251,4,"AT5G44180","Homeodomain-like transcriptional regulator","LOC_Os05g48820","DDT, putative, expressed",44
"Bradi3g59560","HOG:0032904","perennial",1,1,0.00192618127129579,4,"DNA binding","matched_edge_correlation",0.037994961352255,0.285714285714286,"internal_edge_density",-0.0134365120654749,3,"perennial",FALSE,"Bradi3g59560.v3.2","Brasyl.4G020800.v2.1","HORVU.MOREX.r3.6HG0615650.V3","HJUBATUM.BCC2055.r1.6H_1G00677750","gene-Bmax_egapxtmp_026365","BMED2_gene-Bmax_egapxtmp_026365","VULPIA.BROMOIDES.r1.ctg30G00391600","gene-Fpra_egapxtmp_009251",8.28154759846543,0.000263958389903285,0,"AT3G48060","BAH domain ;TFIIS helical bundle-like domain","","",45
"Bradi0012s00100","HOG:0033476","perennial",1,1,0.00323514598498051,4,"translation","neighborhood_jaccard",0.00491059288502291,0.4,"internal_edge_density",0.0846399692947007,4,"annual",FALSE,"Bradi0012s00100.v3.2","Brasyl.2G152100.v2.1","HORVU.MOREX.r3.2HG0107850.V3","HJUBATUM.BCC2055.r1.2H_1G00117750","gene-Bmax_egapxtmp_007304","BMED2_gene-Bmax_egapxtmp_005816","VULPIA.BROMOIDES.r1.ctg9G00561880","gene-Fpra_egapxtmp_007683",7.14257289891205,0.00520879225343423,5,"AT1G07920","GTP binding Elongation factor Tu family protein","LOC_Os03g08010","elongation factor Tu, putative, expressed",46
"Bradi1g30610","HOG:0006208","perennial",1,1,0.00323514598498051,4,"translation","neighborhood_jaccard",0.0149466111725476,0.171428571428571,"anchor_module_mean_strength_ratio",-0.0820411947994708,2,"perennial",FALSE,"Bradi1g30610.v3.2","Brasyl.7G236900.v2.1","HORVU.MOREX.r3.7HG0744860.V3","HJUBATUM.BCC2055.r1.7H_1G00819410","gene-Bmax_egapxtmp_057780","BMED2_gene-Bmax_egapxtmp_057780","VULPIA.BROMOIDES.r1.ctg4G00417280","gene-Fpra_egapxtmp_011542",6.33279436537652,4.63852568063173e-07,0,"AT4G10320","tRNA synthetase class I (I, L, M and V) family protein","LOC_Os06g43760","tRNA synthetase class I, putative, expressed",47
"Bradi1g63310","HOG:0000096","perennial",1,1,0.00323514598498051,3,"translation","neighborhood_jaccard",0.0109850885193509,0.257142857142857,"internal_edge_density",0.032903573601248,3,"annual",FALSE,"Bradi1g63310.v3.2","Brasyl.2G178100.v2.1","HORVU.MOREX.r3.4HG0378950.V3","HJUBATUM.BCC2055.r1.4H_1G00411720","gene-Bmax_egapxtmp_041512","BMED2_gene-Bmax_egapxtmp_041512","VULPIA.BROMOIDES.r1.ctg16G00131460","gene-Fpra_egapxtmp_000079",6.37280436373637,6.67831865394397e-09,0,"AT5G20920","eukaryotic translation initiation factor 2 beta subunit","LOC_Os03g21550","eukaryotic translation initiation factor 2 subunit beta, putative, expressed",48
"Bradi1g18710","HOG:0026397","perennial",1,1,0.00323514598498051,3,"translation","neighborhood_jaccard",0.00932175898993443,0.314285714285714,"internal_edge_density",0.010113260084498,3,"annual",FALSE,"Bradi1g18710.v3.2","Brasyl.6G025100.v2.1","HORVU.MOREX.r3.2HG0116210.V3","HJUBATUM.BCC2055.r1.2H_1G00126160","gene-Bmax_egapxtmp_004924","BMED2_gene-Bmax_egapxtmp_004924","VULPIA.BROMOIDES.r1.ctg127G00060980","gene-Fpra_egapxtmp_014302",6.48431216886462,2.3643193002153e-06,2,"AT5G12110","Glutathione S-transferase, C-terminal-like;Translation elongation  factor EF1B/ribosomal protein S6","LOC_Os07g46750","elongation factor protein, putative, expressed",49
"Bradi1g58340","HOG:0016116","perennial",1,1,0.00504547220261103,3,"protein binding","matched_edge_mean_abs_log_threshold_distance",0.000970112657326213,0.142857142857143,"anchor_module_mean_strength_ratio",-0.299432486044256,4,"perennial",FALSE,"Bradi1g58340.v3.2","Brasyl.6G215900.v2.1","HORVU.MOREX.r3.2HG0153420.V3","HJUBATUM.BCC2055.r1.2H_1G00162960","gene-Bmax_egapxtmp_012320","BMED2_gene-Bmax_egapxtmp_012320","VULPIA.BROMOIDES.r1.ctg23G00269230","gene-Fpra_egapxtmp_024096",6.19283145558359,0.00271739998404555,1,"AT2G34680","Outer arm dynein light chain 1 protein","","",50
"Bradi1g00580","HOG:0011775","perennial",1,1,0.00504547220261103,3,"protein binding","neighborhood_jaccard",0.0054744673193562,0.371428571428571,"anchor_module_mean_strength_ratio",0.257014028259799,3,"annual",FALSE,"Bradi1g00580.v3.2","Brasyl.2G420800.v2.1","HORVU.MOREX.r3.5HG0537810.V3","HJUBATUM.BCC2055.r1.5H_1G00599080","gene-Bmax_egapxtmp_041433","BMED2_gene-Bmax_egapxtmp_041433","VULPIA.BROMOIDES.r1.ctg96G00571160","gene-Fpra_egapxtmp_015832",6.85773034376142,0.0396280854807411,0,"AT1G16270","Protein kinase superfamily protein with octicosapeptide/Phox/Bem1p domain","","",51
"Bradi1g43097","HOG:0027351","perennial",1,1,0.00504547220261103,3,"protein binding","module_edge_jaccard",0.01842048044941,0.228571428571429,"anchor_module_mean_strength_ratio",0.223230214727976,3,"annual",FALSE,"Bradi1g43097.v3.2","Brasyl.4G052800.v2.1","HORVU.MOREX.r3.6HG0610930.V3","HJUBATUM.BCC2055.r1.6H_1G00672680","gene-Bmax_egapxtmp_028597","BMED2_gene-Bmax_egapxtmp_028597","VULPIA.BROMOIDES.r1.ctg266G00337550","gene-Fpra_egapxtmp_027328",5.36674875819543,0.00119491037462052,1,"AT3G13290","varicose-related","LOC_Os06g19660","WD domain, G-beta repeat domain containing protein, expressed",52
"Bradi1g19650","HOG:0026019","perennial",1,1,0.00504547220261103,4,"protein binding","matched_edge_correlation",0.0070662379082222,0.4,"anchor_module_mean_strength_ratio",0.20328948065338,3,"annual",FALSE,"Bradi1g19650.v3.2","Brasyl.6G034500.v2.1","HORVU.MOREX.r3.2HG0119100.V3","HJUBATUM.BCC2055.r1.2H_1G00129660","gene-Bmax_egapxtmp_012253","BMED2_gene-Bmax_egapxtmp_012253","VULPIA.BROMOIDES.r1.ctg9G00554440","gene-Fpra_egapxtmp_015078",10.095827409239,6.35682885375178e-06,0,"AT4G36080","phosphotransferases, alcohol group as acceptor;binding;inositol or phosphatidylinositol kinases","","",53
"Bradi3g53280","HOG:0026507","perennial",1,1,0.00504547220261103,4,"protein binding","module_edge_jaccard",0.0115896710991609,0.2,"anchor_module_mean_strength_ratio",0.202074959533632,3,"annual",FALSE,"Bradi3g53280.v3.2","Brasyl.4G094100.v2.1","HORVU.MOREX.r3.6HG0609380.V3","HJUBATUM.BCC2055.r1.6H_1G00671380","gene-Bmax_egapxtmp_027140","BMED2_gene-Bmax_egapxtmp_027140","VULPIA.BROMOIDES.r1.ctg31G00405890","gene-Fpra_egapxtmp_014066",5.41977426502751,0.000924270700930943,0,"AT5G65950","(1 of 1) PTHR14374 - FOIE GRAS","LOC_Os02g48380","expressed protein",54
"Bradi3g04840","HOG:0003621","perennial",1,1,0.00504547220261103,3,"protein binding","neighborhood_jaccard",0.00559730363443653,0.4,"anchor_module_mean_strength_ratio",0.198564984573606,4,"annual",FALSE,"Bradi3g04840.v3.2","Brasyl.4G296100.v2.1","HORVU.MOREX.r3.6HG0566040.V3","HJUBATUM.BCC2055.r1.6H_1G00632510","gene-Bmax_egapxtmp_025400","BMED2_gene-Bmax_egapxtmp_025400","VULPIA.BROMOIDES.r1.ctg67G00475820","gene-Fpra_egapxtmp_026587",7.04496218837785,0.0344255785462079,0,"AT1G58230","binding","","",55
"Bradi4g02725","HOG:0010549","perennial",1,1,0.00504547220261103,3,"protein binding","neighborhood_jaccard",0.00678714037047509,0.371428571428571,"anchor_module_mean_strength_ratio",0.165411192294364,3,"annual",FALSE,"Bradi4g02725.v3.2","Brasyl.5G031700.v2.1","HORVU.MOREX.r3.5HG0436490.V3","HJUBATUM.BCC2055.r1.5H_1G00485500","gene-Bmax_egapxtmp_033363","BMED2_gene-Bmax_egapxtmp_033363","VULPIA.BROMOIDES.r1.ctg107G00027440","gene-Fpra_egapxtmp_015486",5.75445495909107,0.0172385348617473,0,"AT1G04300","TRAF-like superfamily protein","LOC_Os12g40520","MATH domain containing protein, expressed",56
"Bradi2g28007","HOG:0023138","perennial",1,1,0.00504547220261103,4,"protein binding","module_edge_jaccard",-0.00176394928024504,0.371428571428571,"anchor_module_mean_strength_ratio",0.119731337343463,3,"annual",FALSE,"Bradi2g28007.v3.2","Brasyl.8G155700.v2.1","HORVU.MOREX.r3.1HG0061230.V3","HJUBATUM.BCC2055.r1.1H_1G00054760","gene-Bmax_egapxtmp_017834","BMED2_gene-Bmax_egapxtmp_017834","VULPIA.BROMOIDES.r1.ctg22G00250240","gene-Fpra_egapxtmp_016660",8.45002917375595,0.000357571708065444,1,"AT1G50030","target of rapamycin","","",57
"Bradi2g14340","HOG:0023048","perennial",1,1,0.00504547220261103,4,"protein binding","neighborhood_jaccard",0.0246878014641424,0.171428571428571,"recurrent_coverage",0.1,3,"annual",FALSE,"Bradi2g14340.v3.2","Brasyl.8G005100.v2.1","HORVU.MOREX.r3.1HG0094930.V3","HJUBATUM.BCC2055.r1.1H_1G00098600","gene-Bmax_egapxtmp_016806","BMED2_gene-Bmax_egapxtmp_016806","VULPIA.BROMOIDES.r1.ctg256G00320380","gene-Fpra_egapxtmp_013973",8.5892188274115,0.0482127234880515,2,"AT3G54280","DNA binding;ATP binding;nucleic acid binding;binding;helicases;ATP binding;DNA binding;helicases","","",58
"Bradi1g51890","HOG:0011715","perennial",1,1,0.00504547220261103,4,"protein binding","matched_edge_mean_abs_log_threshold_distance",0.000750405760611184,0.171428571428571,"anchor_module_mean_strength_ratio",0.0975310215349864,3,"annual",FALSE,"Bradi1g51890.v3.2","Brasyl.7G007700.v2.1","HORVU.MOREX.r3.5HG0485460.V3","HJUBATUM.BCC2055.r1.7H_1G00709300","gene-Bmax_egapxtmp_036550","BMED2_gene-Bmax_egapxtmp_036550","VULPIA.BROMOIDES.r1.ctg29G00349650","gene-Fpra_egapxtmp_038840",5.99306037642774,0.000161147069755191,1,"AT3G50590","Transducin/WD40 repeat-like superfamily protein","LOC_Os09g24260","WD domain, G-beta repeat domain containing protein, expressed",59
"Bradi3g42060","HOG:0008732","perennial",1,1,0.00504547220261103,3,"protein binding","module_edge_jaccard",-0.00436278844552518,0.485714285714286,"anchor_module_mean_strength_ratio",-0.0853073512434039,3,"perennial",FALSE,"Bradi3g42060.v3.2","Brasyl.3G296100.v2.1","HORVU.MOREX.r3.7HG0686900.V3","HJUBATUM.BCC2055.r1.7H_1G00758940","gene-Bmax_egapxtmp_056065","BMED2_gene-Bmax_egapxtmp_056065","VULPIA.BROMOIDES.r1.ctg29G00359770","gene-Fpra_egapxtmp_028072",23.2299940958626,0.00625595087605128,0,"AT5G07220","BCL-2-associated athanogene 3","","",60
"Bradi1g26420","HOG:0006131","perennial",1,1,0.00504547220261103,3,"protein binding","neighborhood_jaccard",0.0301735929682282,0.114285714285714,"anchor_module_mean_strength_ratio",0.0722861964287757,3,"annual",FALSE,"Bradi1g26420.v3.2","Brasyl.6G114100.v2.1","HORVU.MOREX.r3.2HG0141710.V3","HJUBATUM.BCC2055.r1.2H_1G00148550","gene-Bmax_egapxtmp_006142","BMED2_gene-Bmax_egapxtmp_006142","VULPIA.BROMOIDES.r1.ctg105G00019340","gene-Fpra_egapxtmp_011406",9.65044378790437,0.000287227946331184,0,"AT5G55040","DNA-binding bromodomain-containing protein","","",61
"Bradi3g15410","HOG:0005857","perennial",1,1,0.00504547220261103,4,"protein binding","matched_edge_correlation",0.0639366086533088,0.0857142857142857,"internal_edge_density",0.0658493349030433,3,"annual",FALSE,"Bradi3g15410.v3.2","Brasyl.3G032600.v2.1","HORVU.MOREX.r3.7HG0695240.V3","HJUBATUM.BCC2055.r1.7H_1G00769380","gene-Bmax_egapxtmp_059475","BMED2_gene-Bmax_egapxtmp_059475","VULPIA.BROMOIDES.r1.ctg47G00450910","gene-Fpra_egapxtmp_041563",10.238443974931,6.80363287079895e-07,0,"AT4G15180","SET domain protein 2","","",62
"Bradi1g25002","HOG:0032849","perennial",1,1,0.00504547220261103,3,"protein binding","matched_edge_mean_abs_log_threshold_distance",0.000420956905919694,0.314285714285714,"internal_edge_density",0.0583943833943834,3,"annual",FALSE,"Bradi1g25002.v3.2","Brasyl.6G098400.v2.1","HORVU.MOREX.r3.2HG0136090.V3","HJUBATUM.BCC2055.r1.2H_1G00144880","gene-Bmax_egapxtmp_006549","BMED2_gene-Bmax_egapxtmp_006549","VULPIA.BROMOIDES.r1.ctg105G00016330","gene-Fpra_egapxtmp_046851",9.77349453037144,1.06584880046572e-07,0,"AT3G60240","eukaryotic translation initiation factor 4G","LOC_Os07g36940","eukaryotic translation initiation factor 4G, putative, expressed",63
"Bradi2g59247","HOG:0027421","perennial",1,1,0.00504547220261103,3,"protein binding","module_edge_jaccard",0.0402601355407494,0.0285714285714286,"internal_edge_density",0.0538578317134799,3,"annual",FALSE,"Bradi2g59247.v3.2","Brasyl.1G049600.v2.1","HORVU.MOREX.r3.3HG0311470.V3","HJUBATUM.BCC2055.r1.3H_1G00329870","gene-Bmax_egapxtmp_054110","BMED2_gene-Bmax_egapxtmp_054110","VULPIA.BROMOIDES.r1.ctg8G00501130","gene-Fpra_egapxtmp_035691",10.2185547809911,2.63807258723652e-09,0,"AT1G27430","GYF domain-containing protein","LOC_Os01g69990","GYF domain containing protein, putative, expressed",64
"Bradi4g35150","HOG:0017160","perennial",1,1,0.00504547220261103,4,"protein binding","neighborhood_jaccard",0.0302879720325802,0.0571428571428571,"internal_edge_density",0.0399407455289809,3,"annual",FALSE,"Bradi4g35150.v3.2","Brasyl.5G396200.v2.1","HORVU.MOREX.r3.5HG0495950.V3","HJUBATUM.BCC2055.r1.5H_1G00542410","gene-Bmax_egapxtmp_034844","BMED2_gene-Bmax_egapxtmp_034844","VULPIA.BROMOIDES.r1.ctg15G00121680","gene-Fpra_egapxtmp_032350",5.50179297657193,0.000562345508083521,0,"AT1G05910","cell division cycle protein 48-related / CDC48-related","LOC_Os09g33980","bromodomain protein 103, putative, expressed",65
"Bradi1g09530","HOG:0029540","perennial",1,1,0.00504547220261103,3,"protein binding","matched_edge_correlation",0.0271676764588458,0.114285714285714,"anchor_module_mean_strength_ratio",0.0299947077724502,3,"annual",FALSE,"Bradi1g09530.v3.2","Brasyl.2G305800.v2.1","HORVU.MOREX.r3.4HG0340180.V3","HJUBATUM.BCC2055.r1.4H_1G00364580","gene-Bmax_egapxtmp_040533","BMED2_gene-Bmax_egapxtmp_040533","VULPIA.BROMOIDES.r1.ctg99G00581500","gene-Fpra_egapxtmp_043343",6.09147051657801,4.94019889441947e-08,0,"AT1G27470","transducin family protein / WD-40 repeat family protein","LOC_Os03g52470","WD domain, G-beta repeat domain containing protein, expressed",66
"Bradi2g20415","HOG:0010551","perennial",1,1,0.00504547220261103,4,"protein binding","matched_edge_correlation",0.0666550050816833,0.0571428571428571,"internal_edge_density",0.0275093181598732,4,"annual",FALSE,"Bradi2g20415.v3.2","Brasyl.8G075300.v2.1","HORVU.MOREX.r3.1HG0078900.V3","HJUBATUM.BCC2055.r1.1H_1G00074280","gene-Bmax_egapxtmp_014707","BMED2_gene-Bmax_egapxtmp_014707","VULPIA.BROMOIDES.r1.ctg22G00257650","gene-Fpra_egapxtmp_011106",9.49386791181021,4.25709859214107e-06,0,"","","LOC_Os05g43280","MATH domain containing protein, expressed",67
"Bradi1g56780","HOG:0033004","perennial",1,1,0.00504547220261103,3,"protein binding","neighborhood_jaccard",0.00100123522476508,0.371428571428571,"anchor_module_mean_strength_ratio",-0.0176343555510255,2,"perennial",FALSE,"Bradi1g56780.v3.2","Brasyl.1G144000.v2.1","HORVU.MOREX.r3.2HG0151540.V3","HJUBATUM.BCC2055.r1.2H_1G00159420","gene-Bmax_egapxtmp_008220","BMED2_gene-Bmax_egapxtmp_008220","VULPIA.BROMOIDES.r1.ctg127G00055370","gene-Fpra_egapxtmp_002021",5.12063499879105,0.00394523322708169,2,"","","","",68
"Bradi1g48264","HOG:0025923","perennial",1,1,0.00504547220261103,3,"protein binding","module_edge_jaccard",0.0413926658829897,0.0285714285714286,"internal_edge_density",0.00214144445202211,3,"annual",FALSE,"Bradi1g48264.v3.2","Brasyl.7G055400.v2.1","HORVU.MOREX.r3.5HG0476410.V3","HJUBATUM.BCC2055.r1.5H_1G00521510","gene-Bmax_egapxtmp_033792","BMED2_gene-Bmax_egapxtmp_033792","VULPIA.BROMOIDES.r1.ctg16G00151240","gene-Fpra_egapxtmp_010799",8.64316197155058,1.7831871593457e-06,0,"AT1G80070","Pre-mRNA-processing-splicing factor","LOC_Os05g07050","pre-mRNA-processing-splicing factor 8, putative, expressed",69
"Bradi2g03180","HOG:0028333","perennial",1,1,0.0212550321503241,4,"zinc ion binding","module_edge_jaccard",0.0223590944921728,0.171428571428571,"anchor_module_mean_strength_ratio",0.216995647522189,3,"annual",FALSE,"Bradi2g03180.v3.2","Brasyl.1G405000.v2.1","HORVU.MOREX.r3.3HG0230560.V3","HJUBATUM.BCC2055.r1.3H_1G00249610","gene-Bmax_egapxtmp_053916","BMED2_gene-Bmax_egapxtmp_053916","VULPIA.BROMOIDES.r1.ctg17G00172730","gene-Fpra_egapxtmp_024809",8.9564291706026,0.0001768227393807,2,"AT5G02310","proteolysis 6","LOC_Os01g05500","zinc finger protein, putative, expressed",70
"Bradi4g08567","HOG:0021825","perennial",1,1,0.0212550321503241,4,"zinc ion binding","neighborhood_jaccard",0.0133452195115508,0.171428571428571,"anchor_module_mean_strength_ratio",0.158254777217327,4,"annual",FALSE,"Bradi4g08567.v3.2","Brasyl.5G105100.v2.1","HORVU.MOREX.r3.5HG0469420.V3","HJUBATUM.BCC2055.r1.5H_1G00515330","gene-Bmax_egapxtmp_036191","BMED2_gene-Bmax_egapxtmp_036191","VULPIA.BROMOIDES.r1.ctg15G00098980","gene-Fpra_egapxtmp_040234",9.95907707089028,1.40541961755022e-11,0,"AT3G02260","auxin transport protein (BIG)","LOC_Os09g07300","BIG, putative, expressed",71
"Bradi3g03330","HOG:0025959","perennial",1,1,0.0212550321503241,4,"zinc ion binding","matched_edge_correlation",0.0568834065762545,0.0857142857142857,"recurrent_coverage",0.0446428571428572,3,"annual",FALSE,"Bradi3g03330.v3.2","Brasyl.4G317700.v2.1","HORVU.MOREX.r3.6HG0556530.V3","HJUBATUM.BCC2055.r1.6H_1G00626110","gene-Bmax_egapxtmp_025764","BMED2_gene-Bmax_egapxtmp_025764","VULPIA.BROMOIDES.r1.ctg26G00331560","gene-Fpra_egapxtmp_007903",9.29748537630475,6.62049304338251e-07,4,"AT1G16710","histone acetyltransferase of the CBP family 12","LOC_Os02g04490","histone acetyltransferase HAC1, putative, expressed",72
"Bradi4g45190","HOG:0028065","perennial",1,1,0.0261726176354022,2,"transport","module_edge_jaccard",0.0145579797989527,0.2,"anchor_module_mean_strength_ratio",-0.328068648592143,3,"perennial",FALSE,"Bradi4g45190.v3.2","Brasyl.5G523100.v2.1","HORVU.MOREX.r3.5HG0466330.V3","HJUBATUM.BCC2055.r1.5H_1G00511400","gene-Bmax_egapxtmp_037117","BMED2_gene-Bmax_egapxtmp_037117","VULPIA.BROMOIDES.r1.ctg15G00095840","gene-Fpra_egapxtmp_021275",6.2627668402442,1.76825029993381e-07,1,"AT2G35800","mitochondrial substrate carrier family protein","LOC_Os12g01240","mitochondrial substrate carrier family protein, putative, expressed",73
"Bradi5g02330","HOG:0027005","perennial",1,1,0.0261726176354022,2,"transport","module_edge_jaccard",-0.00235208198878573,0.542857142857143,"anchor_module_mean_strength_ratio",0.152995511265037,3,"annual",FALSE,"Bradi5g02330.v3.2","Brasyl.9G037000.v2.1","HORVU.MOREX.r3.2HG0100660.V3","HJUBATUM.BCC2055.r1.2H_1G00109430","gene-Bmax_egapxtmp_006296","BMED2_gene-Bmax_egapxtmp_006296","VULPIA.BROMOIDES.r1.ctg9G00566110","gene-Fpra_egapxtmp_042040",4.32977098272806,2.4963521475539e-05,1,"","","LOC_Os04g01300","OsRhmbd10 - Putative Rhomboid homologue, expressed",74
"Bradi1g04220","HOG:0011064","perennial",1,1,0.0261726176354022,3,"transport","neighborhood_jaccard",0.00675973640945926,0.257142857142857,"anchor_module_mean_strength_ratio",-0.121835812759282,3,"perennial",FALSE,"Bradi1g04220.v3.2","Brasyl.2G368500.v2.1","HORVU.MOREX.r3.3HG0296260.V3","HJUBATUM.BCC2055.r1.2H_1G00157670","gene-Bmax_egapxtmp_006844","BMED2_gene-Bmax_egapxtmp_006844","VULPIA.BROMOIDES.r1.ctg123G00049860","gene-Fpra_egapxtmp_002967",4.81128531604689,0.00555970167320964,4,"","","","",75
"Bradi1g05030","HOG:0023825","perennial",1,1,0.0261726176354022,2,"transport","module_edge_jaccard",0.0205318179954024,0.2,"internal_edge_density",-0.081548827816339,4,"perennial",FALSE,"Bradi1g05030.v3.2","Brasyl.2G358200.v2.1","HORVU.MOREX.r3.5HG0521040.V3","HJUBATUM.BCC2055.r1.2H_1G00157530","gene-Bmax_egapxtmp_007866","BMED2_gene-Bmax_egapxtmp_007866","VULPIA.BROMOIDES.r1.ctg123G00050300","gene-Fpra_egapxtmp_035367",3.53664477335872,0.0212550203626131,1,"AT1G04760","vesicle-associated membrane protein 726","","",76
"Bradi2g54160","HOG:0016200","perennial",1,1,0.0261726176354022,3,"transport","module_edge_jaccard",3.68394254735005e-05,0.514285714285714,"internal_edge_density",-0.0644172475145684,4,"perennial",FALSE,"Bradi2g54160.v3.2","Brasyl.3G084900.v2.1","HORVU.MOREX.r3.1HG0064240.V3","HJUBATUM.BCC2055.r1.1H_1G00058270","gene-Bmax_egapxtmp_017308","BMED2_gene-Bmax_egapxtmp_017308","VULPIA.BROMOIDES.r1.ctg110G00037110","gene-Fpra_egapxtmp_000723",4.15269382601022,0.000437905084352392,6,"AT5G05010","clathrin adaptor complexes medium subunit family protein","LOC_Os01g61710","coatomer subunit delta, putative, expressed",77
"Bradi3g07490","HOG:0011717","perennial",1,1,0.0390392414473659,4,"endomembrane system","neighborhood_jaccard",0.00325585912098825,0.4,"anchor_module_mean_strength_ratio",-0.0625043785854286,3,"perennial",FALSE,"Bradi3g07490.v3.2","Brasyl.4G263600.v2.1","HORVU.MOREX.r3.6HG0578070.V3","HJUBATUM.BCC2055.r1.6H_1G00644830","gene-Bmax_egapxtmp_026710","BMED2_gene-Bmax_egapxtmp_026710","VULPIA.BROMOIDES.r1.ctg102G00014370","gene-Fpra_egapxtmp_004967",5.29129948106141,2.23130530222982e-06,1,"AT5G51200","Protein of unknown function (DUF3414)","LOC_Os02g10790","expressed protein",78
