"anchor_id","anchor_hog","BDIS","n_multicopy_species","topology_metric","topology_signed_statistic","topology_exact_p","topology_screen_q","sister_topology_feature","sister_topology_direction","sister_topology_median","sister_topology_consistency","deployment_tissue","deployment_feature","deployment_direction","deployment_median","deployment_consistency","topology_discovery_signal","sister_topology_signal","deployment_signal","n_convergent_signals","discovery_rank"
"anchor_323","HOG:0026451","Bradi3g33770.v3.2",0,"module_edge_jaccard",0.105678626928627,0.0285714285714286,0.962990654205607,"anchor_module_mean_strength_ratio","annual_higher",0.235085916096027,1,"leaf","mean_activity","annual_higher",0.265923433045248,1,TRUE,TRUE,TRUE,3,1
"anchor_118","HOG:0028661","Bradi2g57350.v3.2",1,"module_edge_jaccard",0.0190661510634015,0.0285714285714286,0.962990654205607,"internal_edge_density","perennial_higher",-0.0214423634766116,1,"leaf","mean_activity","perennial_higher",-0.0596812158136734,1,TRUE,TRUE,TRUE,3,2
"anchor_143","HOG:0006346","Bradi4g39580.v3.2",0,"neighborhood_jaccard",0.0622667010737177,0.0571428571428571,0.962990654205607,"anchor_module_mean_strength_ratio","perennial_higher",-0.309986390719831,1,"leaf","mean_activity","annual_higher",0.0483837456377771,1,TRUE,TRUE,TRUE,3,3
"anchor_291","HOG:0027706","Bradi2g35167.v3.2",1,"neighborhood_jaccard",0.0378141424511501,0.0571428571428571,0.962990654205607,"internal_edge_density","perennial_higher",-0.0873705195797839,1,"leaf","mean_activity","perennial_higher",-0.0360979095025745,1,TRUE,TRUE,TRUE,3,4
"anchor_178","HOG:0010551","Bradi2g20415.v3.2",0,"matched_edge_correlation",0.0666550050816833,0.0571428571428571,0.962990654205607,"internal_edge_density","annual_higher",0.0275093181598732,1,"leaf","mean_activity","perennial_higher",-0.383963811419959,1,TRUE,TRUE,TRUE,3,5
"anchor_297","HOG:0028197","Bradi3g03790.v3.2",1,"neighborhood_jaccard",0.0293700039256511,0.0285714285714286,0.962990654205607,"anchor_module_mean_strength_ratio","annual_higher",0.117003481951578,0.75,"leaf","mean_activity","perennial_higher",-0.371085197453518,1,TRUE,FALSE,TRUE,2,6
"anchor_205","HOG:0025863","Bradi3g12460.v3.2",0,"matched_edge_mean_abs_log_threshold_distance",0.000833628855305156,0.0285714285714286,0.962990654205607,"anchor_module_mean_strength_ratio","perennial_higher",-0.110774279198939,0.75,"leaf","mean_activity","annual_higher",0.0386825539430736,1,TRUE,FALSE,TRUE,2,7
"anchor_263","HOG:0024905","Bradi4g14097.v3.2",0,"module_edge_jaccard",0.0541027699634915,0.0285714285714286,0.962990654205607,"internal_edge_density","perennial_higher",-0.107242478093497,1,"leaf","mean_activity","perennial_higher",-0.0765657396451547,0.75,TRUE,TRUE,FALSE,2,8
"anchor_87","HOG:0005589","Bradi1g09300.v3.2",0,"module_edge_jaccard",0.0301943726992084,0.0285714285714286,0.962990654205607,"internal_edge_density","perennial_higher",-0.0961496892640246,0.75,"root","mean_activity","annual_higher",0.0444376046346345,1,TRUE,FALSE,TRUE,2,9
"anchor_152","HOG:0028198","Bradi5g26030.v3.2",0,"neighborhood_jaccard",0.0180006405132336,0.0285714285714286,0.962990654205607,"internal_edge_density","perennial_higher",-0.0608556549476977,1,"leaf","early_to_late","perennial_higher",-0.175902607851403,0.75,TRUE,TRUE,FALSE,2,10
"anchor_197","HOG:0006052","Bradi1g17450.v3.2",8,"matched_edge_mean_abs_log_threshold_distance",0.00101221812520852,0.0285714285714286,0.962990654205607,"anchor_module_mean_strength_ratio","mixed_or_tied",0.0346660518689504,0.5,"root","mean_activity","annual_higher",0.0315432126039306,1,TRUE,FALSE,TRUE,2,11
"anchor_196","HOG:0006523","Bradi2g08960.v3.2",0,"neighborhood_jaccard",0.0407826937201134,0.0285714285714286,0.962990654205607,"internal_edge_density","perennial_higher",-0.0114684578326059,0.75,"root","mean_activity","perennial_higher",-0.0712483059446244,1,TRUE,FALSE,TRUE,2,12
"anchor_78","HOG:0028720","Bradi3g45140.v3.2",2,"neighborhood_jaccard",0.038940242020515,0.0571428571428571,0.962990654205607,"anchor_module_mean_strength_ratio","perennial_higher",-0.329069234688276,0.75,"root","mean_activity","annual_higher",0.0462093996528369,1,TRUE,FALSE,TRUE,2,13
"anchor_43","HOG:0006505","Bradi2g21120.v3.2",8,"module_edge_jaccard",0.0131251707739357,0.0571428571428571,0.962990654205607,"anchor_module_mean_strength_ratio","perennial_higher",-0.181009581740015,0.75,"root","mean_activity","annual_higher",0.0311157531183298,1,TRUE,FALSE,TRUE,2,14
"anchor_224","HOG:0020382","Bradi2g47940.v3.2",0,"module_edge_jaccard",0.0358109423731042,0.0571428571428571,0.962990654205607,"internal_edge_density","perennial_higher",-0.17865589694858,1,"root","early_to_late","perennial_higher",-0.0923640267818569,0.75,TRUE,TRUE,FALSE,2,15
"anchor_260","HOG:0012011","Bradi1g48257.v3.2",0,"matched_edge_mean_abs_log_threshold_distance",0.00171769217894088,0.0571428571428571,0.962990654205607,"anchor_module_mean_strength_ratio","annual_higher",0.151209928477134,0.75,"leaf","mean_activity","perennial_higher",-0.0799609522260439,1,TRUE,FALSE,TRUE,2,16
"anchor_266","HOG:0028440","Bradi2g45380.v3.2",0,"neighborhood_jaccard",0.0290710066745275,0.0571428571428571,0.962990654205607,"anchor_module_mean_strength_ratio","perennial_higher",-0.139921090936184,0.75,"leaf","mean_activity","perennial_higher",-0.122373869925457,1,TRUE,FALSE,TRUE,2,17
"anchor_42","HOG:0032893","Bradi1g59220.v3.2",8,"module_edge_jaccard",0.0113123457035316,0.0571428571428571,0.962990654205607,"internal_edge_density","perennial_higher",-0.0945071128055328,1,"leaf","early_to_late","perennial_higher",-0.0394818561951363,0.75,TRUE,TRUE,FALSE,2,18
"anchor_97","HOG:0011541","Bradi3g01297.v3.2",0,"matched_edge_correlation",0.0712464286192959,0.0571428571428571,0.962990654205607,"recurrent_coverage","annual_higher",0.0833333333333333,1,"root","early_to_late","annual_higher",0.487323662138682,0.75,TRUE,TRUE,FALSE,2,19
"anchor_76","HOG:0016566","Bradi4g36220.v3.2",0,"neighborhood_jaccard",0.0179645039965916,0.0571428571428571,0.962990654205607,"anchor_module_mean_strength_ratio","perennial_higher",-0.079037215193269,0.75,"root","mean_activity","annual_higher",0.0406791220533883,1,TRUE,FALSE,TRUE,2,20
"anchor_122","HOG:0012297","Bradi3g33240.v3.2",0,"matched_edge_correlation",0.0979976577157578,0.0571428571428571,0.962990654205607,"anchor_module_mean_strength_ratio","annual_higher",0.0696311519602919,0.75,"leaf","mean_activity","perennial_higher",-0.472404381772426,1,TRUE,FALSE,TRUE,2,21
"anchor_114","HOG:0027098","Bradi3g06597.v3.2",0,"matched_edge_mean_abs_log_threshold_distance",0.000756650049221657,0.0571428571428571,0.962990654205607,"recurrent_coverage","perennial_higher",-0.0643939393939394,0.75,"root","early_to_late","annual_higher",0.0794583032822234,1,TRUE,FALSE,TRUE,2,22
"anchor_207","HOG:0032903","Bradi3g59577.v3.2",0,"matched_edge_correlation",0.129828280841582,0.0571428571428571,0.962990654205607,"anchor_module_mean_strength_ratio","mixed_or_tied",-0.0630601760699429,0.5,"leaf","mean_activity","perennial_higher",-0.44413652507755,1,TRUE,FALSE,TRUE,2,23
"anchor_141","HOG:0026234","Bradi1g54390.v3.2",0,"matched_edge_mean_abs_log_threshold_distance",0.000574456387752102,0.0571428571428571,0.962990654205607,"anchor_module_mean_strength_ratio","annual_higher",0.0569931363324374,0.75,"root","mean_activity","annual_higher",0.048804184354734,1,TRUE,FALSE,TRUE,2,24
"anchor_235","HOG:0017160","Bradi4g35150.v3.2",0,"neighborhood_jaccard",0.0302879720325802,0.0571428571428571,0.962990654205607,"internal_edge_density","annual_higher",0.0399407455289809,0.75,"leaf","mean_activity","perennial_higher",-0.131401308420547,1,TRUE,FALSE,TRUE,2,25
"anchor_320","HOG:0005833","Bradi1g51670.v3.2",0,"matched_edge_correlation",0.130334975719058,0.0571428571428571,0.962990654205607,"recurrent_coverage","annual_higher",0.0111111111111111,0.5,"root","mean_activity","annual_higher",0.0493527538595068,1,TRUE,FALSE,TRUE,2,26
"anchor_116","HOG:0023564","Bradi1g65490.v3.2",1,"module_edge_jaccard",0.0237910564310951,0.0857142857142857,0.962990654205607,"internal_edge_density","perennial_higher",-0.0936578530252986,1,"root","mean_activity","perennial_higher",-0.0560147963455058,1,FALSE,TRUE,TRUE,2,27
"anchor_253","HOG:0006149","Bradi3g03720.v3.2",0,"module_edge_jaccard",0.0235433029619405,0.114285714285714,0.962990654205607,"internal_edge_density","perennial_higher",-0.0651357929933868,1,"leaf","mean_activity","perennial_higher",-0.0733096022365574,1,FALSE,TRUE,TRUE,2,28
"anchor_330","HOG:0025801","Bradi1g39436.v3.2",0,"module_edge_jaccard",0.044553923181358,0.142857142857143,0.962990654205607,"anchor_module_mean_strength_ratio","annual_higher",0.120191667751508,1,"leaf","mean_activity","perennial_higher",-0.150156946790454,1,FALSE,TRUE,TRUE,2,29
"anchor_295","HOG:0031418","Bradi1g53880.v3.2",0,"module_edge_jaccard",0.0522184635727843,0.171428571428571,0.962990654205607,"anchor_module_mean_strength_ratio","annual_higher",0.165504846486561,1,"leaf","mean_activity","perennial_higher",-0.0957065466951529,1,FALSE,TRUE,TRUE,2,30
"anchor_327","HOG:0026946","Bradi2g03170.v3.2",2,"module_edge_jaccard",0.0884623891444896,0.171428571428571,0.962990654205607,"anchor_module_mean_strength_ratio","annual_higher",0.161238277015195,1,"leaf","mean_activity","perennial_higher",-0.158997788671462,1,FALSE,TRUE,TRUE,2,31
"anchor_104","HOG:0021825","Bradi4g08567.v3.2",0,"neighborhood_jaccard",0.0133452195115508,0.171428571428571,0.962990654205607,"anchor_module_mean_strength_ratio","annual_higher",0.158254777217326,1,"leaf","mean_activity","perennial_higher",-0.288069519211665,1,FALSE,TRUE,TRUE,2,32
"anchor_68","HOG:0000537","Bradi2g46690.v3.2",0,"module_edge_jaccard",0.00656475394519551,0.2,0.962990654205607,"internal_edge_density","perennial_higher",-0.0886301128101546,1,"root","mean_activity","annual_higher",0.0189578185896533,1,FALSE,TRUE,TRUE,2,33
"anchor_316","HOG:0000079","Bradi2g21510.v3.2",0,"module_edge_jaccard",0.0174266442327572,0.257142857142857,0.962990654205607,"internal_edge_density","perennial_higher",-0.101354141985069,1,"leaf","early_to_late","perennial_higher",-0.204193411784468,1,FALSE,TRUE,TRUE,2,34
"anchor_164","HOG:0027054","Bradi2g51620.v3.2",1,"neighborhood_jaccard",0.00794764890555313,0.285714285714286,0.962990654205607,"anchor_module_mean_strength_ratio","annual_higher",0.15082445386018,1,"root","mean_activity","perennial_higher",-0.138259085778619,1,FALSE,TRUE,TRUE,2,35
"anchor_251","HOG:0011497","Bradi4g25680.v3.2",0,"neighborhood_jaccard",0.00531299783625344,0.285714285714286,0.962990654205607,"internal_edge_density","perennial_higher",-0.0834278495463053,1,"leaf","early_to_late","perennial_higher",-0.0631127783079822,1,FALSE,TRUE,TRUE,2,36
"anchor_193","HOG:0027905","Bradi4g04400.v3.2",0,"module_edge_jaccard",0.00579438624820772,0.342857142857143,0.962990654205607,"anchor_module_mean_strength_ratio","annual_higher",0.179565963185497,1,"leaf","mean_activity","perennial_higher",-0.308961138426196,1,FALSE,TRUE,TRUE,2,37
"anchor_279","HOG:0033476","Bradi0012s00100.v3.2",5,"neighborhood_jaccard",0.00491059288502291,0.4,0.962990654205607,"internal_edge_density","annual_higher",0.0846399692947007,1,"leaf","mean_activity","perennial_higher",-0.153158678557205,1,FALSE,TRUE,TRUE,2,38
"anchor_237","HOG:0026838","Bradi4g33310.v3.2",0,"matched_edge_correlation",0.0884747733561225,0.0285714285714286,0.962990654205607,"anchor_module_mean_strength_ratio","annual_higher",0.236155553226825,0.75,"root","early_to_late","annual_higher",0.39105904392959,0.75,TRUE,FALSE,FALSE,1,39
"anchor_175","HOG:0003782","Bradi2g54127.v3.2",0,"matched_edge_mean_abs_log_threshold_distance",0.000866179505700069,0.0285714285714286,0.962990654205607,"anchor_module_mean_strength_ratio","annual_higher",0.225916325566242,0.75,"root","early_to_late","annual_higher",0.19061843619489,0.75,TRUE,FALSE,FALSE,1,40
"anchor_52","HOG:0012253","Bradi1g15450.v3.2",0,"neighborhood_jaccard",0.0457216953918705,0.0285714285714286,0.962990654205607,"anchor_module_mean_strength_ratio","perennial_higher",-0.221784826088429,0.75,"root","early_to_late","annual_higher",0.0905544800261378,0.75,TRUE,FALSE,FALSE,1,41
"anchor_206","HOG:0007920","Bradi3g48080.v3.2",0,"module_edge_jaccard",0.0281020825753333,0.0285714285714286,0.962990654205607,"anchor_module_mean_strength_ratio","mixed_or_tied",0.193219627089855,0.5,"root","early_to_late","perennial_higher",-0.0629426057047321,0.75,TRUE,FALSE,FALSE,1,42
"anchor_127","HOG:0007713","Bradi2g48010.v3.2",0,"matched_edge_mean_abs_log_threshold_distance",0.000576551603540226,0.0285714285714286,0.962990654205607,"anchor_module_mean_strength_ratio","perennial_higher",-0.161087645269119,0.75,"leaf","mean_activity","annual_higher",0.0494579510878581,0.75,TRUE,FALSE,FALSE,1,43
"anchor_179","HOG:0031227","Bradi1g72640.v3.2",0,"module_edge_jaccard",0.0405930758404248,0.0285714285714286,0.962990654205607,"anchor_module_mean_strength_ratio","perennial_higher",-0.146178799437847,0.75,"root","mean_activity","annual_higher",0.109653313334561,0.75,TRUE,FALSE,FALSE,1,44
"anchor_287","HOG:0028018","Bradi4g20700.v3.2",0,"matched_edge_correlation",0.11739860975189,0.0285714285714286,0.962990654205607,"anchor_module_mean_strength_ratio","perennial_higher",-0.0978461886579965,0.75,"leaf","early_to_late","perennial_higher",-0.107694499063049,0.75,TRUE,FALSE,FALSE,1,45
"anchor_234","HOG:0024574","Bradi3g13000.v3.2",0,"matched_edge_correlation",0.0887352846469488,0.0285714285714286,0.962990654205607,"internal_edge_density","perennial_higher",-0.0853539175940067,0.75,"leaf","early_to_late","perennial_higher",-0.142580624390977,0.75,TRUE,FALSE,FALSE,1,46
"anchor_267","HOG:0026549","Bradi1g32330.v3.2",5,"module_edge_jaccard",0.152923652439835,0.0285714285714286,0.962990654205607,"internal_edge_density","perennial_higher",-0.0812544473070789,0.75,"root","early_to_late","annual_higher",0.0578729768263503,0.75,TRUE,FALSE,FALSE,1,47
"anchor_56","HOG:0004085","Bradi2g34580.v3.2",0,"neighborhood_jaccard",0.0164491885500115,0.0285714285714286,0.962990654205607,"anchor_module_mean_strength_ratio","perennial_higher",-0.0684631415478952,0.75,"root","early_to_late","annual_higher",0.062829102491632,0.75,TRUE,FALSE,FALSE,1,48
"anchor_46","HOG:0021895","Bradi3g36920.v3.2",0,"module_edge_jaccard",0.0161020926461571,0.0285714285714286,0.962990654205607,"anchor_module_mean_strength_ratio","perennial_higher",-0.0596159540284015,0.75,"leaf","mean_activity","annual_higher",0.0967112206277762,0.75,TRUE,FALSE,FALSE,1,49
"anchor_120","HOG:0027421","Bradi2g59247.v3.2",0,"module_edge_jaccard",0.0402601355407494,0.0285714285714286,0.962990654205607,"internal_edge_density","annual_higher",0.0538578317134799,0.75,"root","early_to_late","annual_higher",0.620968875176323,0.75,TRUE,FALSE,FALSE,1,50
"anchor_121","HOG:0030887","Bradi4g41270.v3.2",0,"matched_edge_correlation",0.0471652440386103,0.0285714285714286,0.962990654205607,"internal_edge_density","perennial_higher",-0.0515440173502677,0.75,"leaf","early_to_late","perennial_higher",-0.176623951382642,0.75,TRUE,FALSE,FALSE,1,51
"anchor_156","HOG:0026499","Bradi4g05110.v3.2",0,"neighborhood_jaccard",0.0237956060979319,0.0285714285714286,0.962990654205607,"anchor_module_mean_strength_ratio","perennial_higher",-0.0461792491446524,0.75,"leaf","early_to_late","perennial_higher",-0.209418106063637,0.75,TRUE,FALSE,FALSE,1,52
"anchor_98","HOG:0018100","Bradi2g13660.v3.2",0,"matched_edge_correlation",0.0410066961109177,0.0285714285714286,0.962990654205607,"internal_edge_density","perennial_higher",-0.0455163748068673,0.75,"root","early_to_late","annual_higher",0.0966005897562082,0.75,TRUE,FALSE,FALSE,1,53
"anchor_38","HOG:0011023","Bradi3g36930.v3.2",0,"module_edge_jaccard",0.0134957888456336,0.0285714285714286,0.962990654205607,"internal_edge_density","perennial_higher",-0.0213393626013836,0.75,"root","mean_activity","annual_higher",0.0384568873512477,0.75,TRUE,FALSE,FALSE,1,54
"anchor_170","HOG:0025923","Bradi1g48264.v3.2",0,"module_edge_jaccard",0.0413926658829897,0.0285714285714286,0.962990654205607,"internal_edge_density","annual_higher",0.00214144445202211,0.75,"root","early_to_late","annual_higher",0.444131827321193,0.75,TRUE,FALSE,FALSE,1,55
"anchor_278","HOG:0024629","Bradi1g09710.v3.2",1,"matched_edge_mean_abs_log_threshold_distance",0.00157620783856446,0.0571428571428571,0.962990654205607,"anchor_module_mean_strength_ratio","annual_higher",0.250247196477641,0.75,"root","mean_activity","mixed_or_tied",0.0209864359422256,0.5,TRUE,FALSE,FALSE,1,56
"anchor_03","HOG:0011532","Bradi4g01430.v3.2",0,"module_edge_jaccard",0.00731470784936206,0.0571428571428571,0.962990654205607,"anchor_module_mean_strength_ratio","perennial_higher",-0.195215992519989,0.75,"root","early_to_late","annual_higher",0.0958487585094152,0.75,TRUE,FALSE,FALSE,1,57
"anchor_36","HOG:0018221","Bradi1g56580.v3.2",0,"neighborhood_jaccard",0.0204272292587504,0.0571428571428571,0.962990654205607,"anchor_module_mean_strength_ratio","perennial_higher",-0.130838164756138,0.75,"root","early_to_late","annual_higher",0.0702329211584591,0.75,TRUE,FALSE,FALSE,1,58
"anchor_35","HOG:0012402","Bradi5g16980.v3.2",0,"module_edge_jaccard",0.00745729423126074,0.0571428571428571,0.962990654205607,"anchor_module_mean_strength_ratio","perennial_higher",-0.0639380475776775,0.75,"root","early_to_late","annual_higher",0.0738026794998701,0.75,TRUE,FALSE,FALSE,1,59
"anchor_124","HOG:0008697","Bradi1g76520.v3.2",0,"module_edge_jaccard",0.0169627700216737,0.0571428571428571,0.962990654205607,"internal_edge_density","perennial_higher",-0.0534291899807641,0.75,"leaf","early_to_late","perennial_higher",-0.172785904250103,0.75,TRUE,FALSE,FALSE,1,60
"anchor_85","HOG:0032061","Bradi1g68180.v3.2",1,"neighborhood_jaccard",0.0149891250139643,0.0571428571428571,0.962990654205607,"recurrent_coverage","annual_higher",0.0142857142857143,0.5,"leaf","early_to_late","perennial_higher",-0.188899255384942,0.75,TRUE,FALSE,FALSE,1,61
"anchor_90","HOG:0032320","Bradi3g42340.v3.2",8,"matched_edge_mean_abs_log_threshold_distance",0.000330012515002304,0.0857142857142857,0.962990654205607,"anchor_module_mean_strength_ratio","perennial_higher",-0.190079462879828,0.75,"leaf","mean_activity","annual_higher",0.06059480144463,1,FALSE,FALSE,TRUE,1,62
"anchor_302","HOG:0011628","Bradi3g41480.v3.2",6,"neighborhood_jaccard",0.0241832492249618,0.0857142857142857,0.962990654205607,"anchor_module_mean_strength_ratio","annual_higher",0.130996550054297,0.75,"leaf","early_to_late","perennial_higher",-0.109657797255298,1,FALSE,FALSE,TRUE,1,63
"anchor_128","HOG:0024976","Bradi1g02510.v3.2",8,"module_edge_jaccard",0.0190780122689775,0.0857142857142857,0.962990654205607,"internal_edge_density","perennial_higher",-0.0711987185091604,1,"leaf","mean_activity","perennial_higher",-0.115889482406214,0.75,FALSE,TRUE,FALSE,1,64
"anchor_94","HOG:0008605","Bradi1g67140.v3.2",0,"neighborhood_jaccard",0.0247148602150589,0.0857142857142857,0.962990654205607,"anchor_module_mean_strength_ratio","annual_higher",0.0699444170127796,0.75,"leaf","mean_activity","perennial_higher",-0.0591179908211333,1,FALSE,FALSE,TRUE,1,65
"anchor_162","HOG:0005857","Bradi3g15410.v3.2",0,"matched_edge_correlation",0.0639366086533088,0.0857142857142857,0.962990654205607,"internal_edge_density","annual_higher",0.0658493349030433,0.75,"leaf","mean_activity","perennial_higher",-0.380558430697544,1,FALSE,FALSE,TRUE,1,66
"anchor_106","HOG:0012511","Bradi1g54510.v3.2",0,"matched_edge_correlation",0.0155596334305228,0.0857142857142857,0.962990654205607,"internal_edge_density","perennial_higher",-0.0487338712370405,1,"leaf","early_to_late","perennial_higher",-0.195423186352097,0.75,FALSE,TRUE,FALSE,1,67
"anchor_192","HOG:0010481","Bradi2g41720.v3.2",0,"matched_edge_correlation",0.053095470741484,0.0857142857142857,0.962990654205607,"recurrent_coverage","annual_higher",0.0462962962962963,0.75,"leaf","mean_activity","perennial_higher",-0.606706203061679,1,FALSE,FALSE,TRUE,1,68
"anchor_161","HOG:0025959","Bradi3g03330.v3.2",4,"matched_edge_correlation",0.0568834065762545,0.0857142857142857,0.962990654205607,"recurrent_coverage","annual_higher",0.0446428571428572,0.75,"leaf","mean_activity","perennial_higher",-0.499379616994062,1,FALSE,FALSE,TRUE,1,69
"anchor_268","HOG:0004116","Bradi1g37760.v3.2",2,"module_edge_jaccard",0.0313697024008397,0.0857142857142857,0.962990654205607,"internal_edge_density","perennial_higher",-0.0325144338399905,1,"leaf","early_to_late","perennial_higher",-0.219516122411639,0.75,FALSE,TRUE,FALSE,1,70
"anchor_304","HOG:0027032","Bradi2g00980.v3.2",1,"matched_edge_mean_abs_log_threshold_distance",0.0016724887598496,0.0857142857142857,0.962990654205607,"internal_edge_density","perennial_higher",-0.0309094236605713,1,"leaf","mean_activity","perennial_higher",-0.152448992253366,0.75,FALSE,TRUE,FALSE,1,71
"anchor_324","HOG:0023427","Bradi3g07910.v3.2",0,"module_edge_jaccard",0.0363255881089517,0.0857142857142857,0.962990654205607,"internal_edge_density","annual_higher",0.0244650958360635,0.75,"leaf","mean_activity","perennial_higher",-0.0836707091680328,1,FALSE,FALSE,TRUE,1,72
"anchor_226","HOG:0025149","Bradi1g26940.v3.2",0,"neighborhood_jaccard",0.0214708112741365,0.0857142857142857,0.962990654205607,"internal_edge_density","annual_higher",0.00614943016984781,0.75,"leaf","mean_activity","perennial_higher",-0.433690623878699,1,FALSE,FALSE,TRUE,1,73
"anchor_67","HOG:0031129","Bradi3g42820.v3.2",1,"neighborhood_jaccard",0.0291432596561185,0.114285714285714,0.962990654205607,"anchor_module_mean_strength_ratio","annual_higher",0.252369959671133,0.75,"leaf","mean_activity","annual_higher",0.0488583566642178,1,FALSE,FALSE,TRUE,1,74
"anchor_26","HOG:0020311","Bradi3g53907.v3.2",0,"neighborhood_jaccard",0.0173466466017409,0.114285714285714,0.962990654205607,"anchor_module_mean_strength_ratio","perennial_higher",-0.216712854530044,0.75,"root","mean_activity","annual_higher",0.0281825820122058,1,FALSE,FALSE,TRUE,1,75
"anchor_200","HOG:0005639","Bradi4g28160.v3.2",0,"module_edge_jaccard",0.0589851605156835,0.114285714285714,0.962990654205607,"anchor_module_mean_strength_ratio","perennial_higher",-0.143629969145996,1,"root","early_to_late","annual_higher",0.11416164526759,0.75,FALSE,TRUE,FALSE,1,76
"anchor_190","HOG:0032397","Bradi1g52260.v3.2",0,"neighborhood_jaccard",0.0174005793595834,0.114285714285714,0.962990654205607,"anchor_module_mean_strength_ratio","perennial_higher",-0.105137565403612,0.75,"leaf","early_to_late","perennial_higher",-0.0855324061919693,1,FALSE,FALSE,TRUE,1,77
"anchor_49","HOG:0020408","Bradi3g19310.v3.2",0,"neighborhood_jaccard",0.0145036371348138,0.114285714285714,0.962990654205607,"anchor_module_mean_strength_ratio","perennial_higher",-0.0827302331648201,1,"root","early_to_late","annual_higher",0.0680704131553238,0.75,FALSE,TRUE,FALSE,1,78
"anchor_211","HOG:0027975","Bradi2g24430.v3.2",1,"module_edge_jaccard",0.0213319802618234,0.114285714285714,0.962990654205607,"internal_edge_density","perennial_higher",-0.0671754394931873,1,"root","early_to_late","perennial_higher",-0.0641460119556421,0.75,FALSE,TRUE,FALSE,1,79
"anchor_277","HOG:0007857","Bradi2g18010.v3.2",0,"module_edge_jaccard",0.0303179407136228,0.114285714285714,0.962990654205607,"internal_edge_density","perennial_higher",-0.0564009394738844,0.75,"root","mean_activity","annual_higher",0.107096141944815,1,FALSE,FALSE,TRUE,1,80
"anchor_74","HOG:0010710","Bradi2g30567.v3.2",0,"module_edge_jaccard",0.0157127131728312,0.114285714285714,0.962990654205607,"internal_edge_density","perennial_higher",-0.0529643159702523,1,"leaf","mean_activity","annual_higher",0.027343108027159,0.75,FALSE,TRUE,FALSE,1,81
"anchor_227","HOG:0032920","Bradi3g02170.v3.2",0,"module_edge_jaccard",0.0250051387855663,0.114285714285714,0.962990654205607,"internal_edge_density","perennial_higher",-0.0479974893138104,0.75,"root","mean_activity","annual_higher",0.0665908520987541,1,FALSE,FALSE,TRUE,1,82
"anchor_269","HOG:0016116","Bradi1g58340.v3.2",1,"matched_edge_mean_abs_log_threshold_distance",0.000970112657326213,0.142857142857143,0.962990654205607,"anchor_module_mean_strength_ratio","perennial_higher",-0.299432486044256,1,"leaf","mean_activity","perennial_higher",-0.126085650231885,0.75,FALSE,TRUE,FALSE,1,83
"anchor_257","HOG:0011942","Bradi5g24550.v3.2",8,"module_edge_jaccard",0.029971626513885,0.142857142857143,0.962990654205607,"anchor_module_mean_strength_ratio","perennial_higher",-0.282769082249149,0.75,"root","mean_activity","annual_higher",0.026172934468601,1,FALSE,FALSE,TRUE,1,84
"anchor_335","HOG:0027282","Bradi5g13070.v3.2",0,"module_edge_jaccard",0.0576359030190331,0.142857142857143,0.962990654205607,"anchor_module_mean_strength_ratio","mixed_or_tied",0.187261739161562,0.5,"leaf","mean_activity","perennial_higher",-0.220156072224621,1,FALSE,FALSE,TRUE,1,85
"anchor_272","HOG:0027413","Bradi3g52930.v3.2",0,"matched_edge_mean_abs_log_threshold_distance",0.00107733143896209,0.142857142857143,0.962990654205607,"anchor_module_mean_strength_ratio","perennial_higher",-0.144990638637087,1,"leaf","mean_activity","perennial_higher",-0.10956897098259,0.75,FALSE,TRUE,FALSE,1,86
"anchor_138","HOG:0025231","Bradi3g06750.v3.2",0,"neighborhood_jaccard",0.019506844366592,0.142857142857143,0.962990654205607,"internal_edge_density","perennial_higher",-0.138397803586306,0.75,"leaf","mean_activity","annual_higher",0.145576073926674,1,FALSE,FALSE,TRUE,1,87
"anchor_293","HOG:0027601","Bradi1g00552.v3.2",8,"matched_edge_mean_abs_log_threshold_distance",0.0011549057886158,0.142857142857143,0.962990654205607,"anchor_module_mean_strength_ratio","annual_higher",0.124985673042144,1,"root","early_to_late","perennial_higher",-0.112593636912058,0.75,FALSE,TRUE,FALSE,1,88
"anchor_31","HOG:0011086","Bradi1g39167.v3.2",8,"neighborhood_jaccard",0.0138829896623238,0.142857142857143,0.962990654205607,"anchor_module_mean_strength_ratio","perennial_higher",-0.124762206618194,0.75,"root","mean_activity","annual_higher",0.0239184356860841,1,FALSE,FALSE,TRUE,1,89
"anchor_256","HOG:0006332","Bradi1g18770.v3.2",0,"matched_edge_correlation",0.0467978055012624,0.142857142857143,0.962990654205607,"anchor_module_mean_strength_ratio","annual_higher",0.120442572940645,0.75,"leaf","mean_activity","perennial_higher",-0.366648706602489,1,FALSE,FALSE,TRUE,1,90
"anchor_238","HOG:0031127","Bradi1g01560.v3.2",1,"module_edge_jaccard",0.025195239517981,0.142857142857143,0.962990654205607,"internal_edge_density","perennial_higher",-0.0902235124558174,1,"root","early_to_late","perennial_higher",-0.0250020528941222,0.75,FALSE,TRUE,FALSE,1,91
"anchor_232","HOG:0019459","Bradi3g51750.v3.2",0,"matched_edge_mean_abs_log_threshold_distance",0.000549999802315649,0.142857142857143,0.962990654205607,"internal_edge_density","perennial_higher",-0.0530799981279112,0.75,"leaf","mean_activity","annual_higher",0.0873753393618953,1,FALSE,FALSE,TRUE,1,92
"anchor_75","HOG:0016636","Bradi1g37790.v3.2",4,"neighborhood_jaccard",0.00828304032585653,0.142857142857143,0.962990654205607,"internal_edge_density","perennial_higher",-0.0357884721528377,1,"leaf","early_to_late","perennial_higher",-0.13500887794702,0.75,FALSE,TRUE,FALSE,1,93
"anchor_248","HOG:0028647","Bradi5g20220.v3.2",0,"neighborhood_jaccard",0.0136511775898714,0.142857142857143,0.962990654205607,"internal_edge_density","perennial_higher",-0.0279389269948215,1,"leaf","early_to_late","perennial_higher",-0.137288620357113,0.75,FALSE,TRUE,FALSE,1,94
"anchor_149","HOG:0032060","Bradi1g24597.v3.2",0,"matched_edge_correlation",0.0176204257329496,0.142857142857143,0.962990654205607,"internal_edge_density","annual_higher",0.0125826369629927,0.75,"leaf","mean_activity","perennial_higher",-0.143372964462302,1,FALSE,FALSE,TRUE,1,95
"anchor_221","HOG:0028333","Bradi2g03180.v3.2",2,"module_edge_jaccard",0.0223590944921728,0.171428571428571,0.962990654205607,"anchor_module_mean_strength_ratio","annual_higher",0.216995647522189,0.75,"leaf","mean_activity","perennial_higher",-0.417406018145294,1,FALSE,FALSE,TRUE,1,96
"anchor_62","HOG:0024791","Bradi3g44920.v3.2",0,"matched_edge_correlation",0.018644276016448,0.171428571428571,0.962990654205607,"anchor_module_mean_strength_ratio","perennial_higher",-0.19330145260022,0.75,"root","mean_activity","annual_higher",0.0495643793342005,1,FALSE,FALSE,TRUE,1,97
"anchor_208","HOG:0027147","Bradi3g10350.v3.2",1,"matched_edge_mean_abs_log_threshold_distance",0.000424720283824041,0.171428571428571,0.962990654205607,"anchor_module_mean_strength_ratio","perennial_higher",-0.101268255233628,0.75,"root","mean_activity","annual_higher",0.0325889714213146,1,FALSE,FALSE,TRUE,1,98
"anchor_334","HOG:0023048","Bradi2g14340.v3.2",2,"neighborhood_jaccard",0.0246878014641424,0.171428571428571,0.962990654205607,"recurrent_coverage","annual_higher",0.1,0.75,"leaf","mean_activity","perennial_higher",-0.764213818553897,1,FALSE,FALSE,TRUE,1,99
"anchor_133","HOG:0020711","Bradi1g33800.v3.2",1,"module_edge_jaccard",0.0152301223340757,0.171428571428571,0.962990654205607,"internal_edge_density","perennial_higher",-0.0979981619710423,0.75,"leaf","mean_activity","annual_higher",0.0881683617184752,1,FALSE,FALSE,TRUE,1,100
"anchor_220","HOG:0011715","Bradi1g51890.v3.2",1,"matched_edge_mean_abs_log_threshold_distance",0.000750405760611184,0.171428571428571,0.962990654205607,"anchor_module_mean_strength_ratio","annual_higher",0.0975310215349864,0.75,"leaf","mean_activity","perennial_higher",-0.181675118680975,1,FALSE,FALSE,TRUE,1,101
"anchor_158","HOG:0006208","Bradi1g30610.v3.2",0,"neighborhood_jaccard",0.0149466111725476,0.171428571428571,0.962990654205607,"anchor_module_mean_strength_ratio","mixed_or_tied",-0.0820411947994706,0.5,"root","mean_activity","perennial_higher",-0.0791914257743181,1,FALSE,FALSE,TRUE,1,102
"anchor_102","HOG:0006009","Bradi5g11990.v3.2",0,"module_edge_jaccard",0.0141737618235553,0.171428571428571,0.962990654205607,"internal_edge_density","perennial_higher",-0.064971807243523,1,"root","early_to_late","annual_higher",0.088335185944599,0.75,FALSE,TRUE,FALSE,1,103
"anchor_57","HOG:0031653","Bradi1g71310.v3.2",0,"module_edge_jaccard",0.0105686466253124,0.171428571428571,0.962990654205607,"internal_edge_density","perennial_higher",-0.0594558256240872,0.75,"root","mean_activity","annual_higher",0.0271452414708613,1,FALSE,FALSE,TRUE,1,104
"anchor_92","HOG:0028695","Bradi1g69780.v3.2",0,"module_edge_jaccard",0.0133625882949456,0.171428571428571,0.962990654205607,"anchor_module_mean_strength_ratio","annual_higher",0.0448215925399545,1,"leaf","early_to_late","perennial_higher",-0.179013162757173,0.75,FALSE,TRUE,FALSE,1,105
"anchor_165","HOG:0027303","Bradi3g58166.v3.2",0,"neighborhood_jaccard",0.0217966253215998,0.2,0.962990654205607,"anchor_module_mean_strength_ratio","perennial_higher",-0.203440472795518,1,"root","early_to_late","annual_higher",0.0271913466779191,0.75,FALSE,TRUE,FALSE,1,106
"anchor_241","HOG:0026507","Bradi3g53280.v3.2",0,"module_edge_jaccard",0.0115896710991609,0.2,0.962990654205607,"anchor_module_mean_strength_ratio","annual_higher",0.202074959533632,0.75,"leaf","mean_activity","perennial_higher",-0.138783926304167,1,FALSE,FALSE,TRUE,1,107
"anchor_77","HOG:0024401","Bradi2g06730.v3.2",0,"neighborhood_jaccard",0.0117285304798089,0.2,0.962990654205607,"anchor_module_mean_strength_ratio","perennial_higher",-0.197981949787895,1,"root","early_to_late","annual_higher",0.0626690370289003,0.75,FALSE,TRUE,FALSE,1,108
"anchor_159","HOG:0028145","Bradi4g07717.v3.2",2,"neighborhood_jaccard",0.0142473028883573,0.2,0.962990654205607,"internal_edge_density","annual_higher",0.0890612653493482,1,"root","early_to_late","annual_higher",0.752346239336452,0.75,FALSE,TRUE,FALSE,1,109
"anchor_312","HOG:0023825","Bradi1g05030.v3.2",1,"module_edge_jaccard",0.0205318179954024,0.2,0.962990654205607,"internal_edge_density","perennial_higher",-0.0815488278163391,1,"root","early_to_late","perennial_higher",-0.0453230513615936,0.75,FALSE,TRUE,FALSE,1,110
"anchor_105","HOG:0027704","Bradi2g10910.v3.2",2,"neighborhood_jaccard",0.0112249534208827,0.2,0.962990654205607,"recurrent_coverage","annual_higher",0.0673076923076923,0.75,"root","mean_activity","perennial_higher",-0.0334386755437884,1,FALSE,FALSE,TRUE,1,111
"anchor_183","HOG:0031530","Bradi3g33544.v3.2",7,"neighborhood_jaccard",0.0116896030407271,0.2,0.962990654205607,"internal_edge_density","perennial_higher",-0.0586234357633146,1,"leaf","mean_activity","annual_higher",0.0791929060495089,0.75,FALSE,TRUE,FALSE,1,112
"anchor_309","HOG:0011540","Bradi3g53020.v3.2",0,"neighborhood_jaccard",0.0149068476372458,0.2,0.962990654205607,"internal_edge_density","perennial_higher",-0.0494171108449723,0.75,"leaf","mean_activity","perennial_higher",-0.455810225768168,1,FALSE,FALSE,TRUE,1,113
"anchor_285","HOG:0025342","Bradi1g70407.v3.2",1,"neighborhood_jaccard",0.00814472256557136,0.2,0.962990654205607,"recurrent_coverage","annual_higher",0.0326086956521739,0.75,"leaf","mean_activity","perennial_higher",-0.538753131219643,1,FALSE,FALSE,TRUE,1,114
"anchor_315","HOG:0008733","Bradi1g50530.v3.2",1,"neighborhood_jaccard",0.0192389871835242,0.228571428571429,0.962990654205607,"anchor_module_mean_strength_ratio","annual_higher",0.345333667019546,0.75,"root","mean_activity","annual_higher",0.049677371002122,1,FALSE,FALSE,TRUE,1,115
"anchor_172","HOG:0007645","Bradi1g33347.v3.2",0,"neighborhood_jaccard",0.0101820361351537,0.228571428571429,0.962990654205607,"anchor_module_mean_strength_ratio","perennial_higher",-0.23222374716632,1,"root","early_to_late","annual_higher",0.0962233079106114,0.75,FALSE,TRUE,FALSE,1,116
"anchor_283","HOG:0026360","Bradi5g14830.v3.2",0,"neighborhood_jaccard",0.0124264326991629,0.228571428571429,0.962990654205607,"anchor_module_mean_strength_ratio","annual_higher",0.21083568893076,0.75,"leaf","mean_activity","perennial_higher",-0.0802604861441281,1,FALSE,FALSE,TRUE,1,117
"anchor_84","HOG:0030062","Bradi1g55740.v3.2",1,"neighborhood_jaccard",0.0114593125585139,0.228571428571429,0.962990654205607,"anchor_module_mean_strength_ratio","perennial_higher",-0.147555806796592,0.75,"root","mean_activity","annual_higher",0.0352206890181386,1,FALSE,FALSE,TRUE,1,118
"anchor_288","HOG:0026637","Bradi1g68460.v3.2",0,"matched_edge_mean_abs_log_threshold_distance",0.000514673437873838,0.228571428571429,0.962990654205607,"internal_edge_density","perennial_higher",-0.125798191129999,1,"leaf","mean_activity","perennial_higher",-0.203544599224515,0.75,FALSE,TRUE,FALSE,1,119
"anchor_240","HOG:0007813","Bradi5g01950.v3.2",8,"matched_edge_mean_abs_log_threshold_distance",0.000391735916878671,0.228571428571429,0.962990654205607,"anchor_module_mean_strength_ratio","perennial_higher",-0.113946654859914,0.75,"root","mean_activity","annual_higher",0.0370044668606914,1,FALSE,FALSE,TRUE,1,120
"anchor_191","HOG:0022918","Bradi5g17540.v3.2",0,"neighborhood_jaccard",0.012782801602139,0.228571428571429,0.962990654205607,"anchor_module_mean_strength_ratio","perennial_higher",-0.0963712535800896,0.75,"root","mean_activity","perennial_higher",-0.0479985819813767,1,FALSE,FALSE,TRUE,1,121
"anchor_317","HOG:0030885","Bradi3g16260.v3.2",0,"matched_edge_correlation",0.0373613570620097,0.228571428571429,0.962990654205607,"recurrent_coverage","mixed_or_tied",0.082089552238806,0.5,"root","mean_activity","perennial_higher",-0.0625301497146759,1,FALSE,FALSE,TRUE,1,122
"anchor_307","HOG:0010703","Bradi1g46596.v3.2",4,"module_edge_jaccard",0.0555635960652409,0.228571428571429,0.962990654205607,"internal_edge_density","annual_higher",0.0721139971139972,0.75,"leaf","mean_activity","annual_higher",0.143193496449312,1,FALSE,FALSE,TRUE,1,123
"anchor_202","HOG:0010482","Bradi2g14375.v3.2",1,"matched_edge_mean_abs_log_threshold_distance",0.00119913570456123,0.228571428571429,0.962990654205607,"internal_edge_density","annual_higher",0.0700798466693824,0.75,"leaf","mean_activity","perennial_higher",-0.435624159794068,1,FALSE,FALSE,TRUE,1,124
"anchor_13","HOG:0006264","Bradi3g46737.v3.2",0,"neighborhood_jaccard",0.00963629700828283,0.228571428571429,0.962990654205607,"internal_edge_density","perennial_higher",-0.0679642725515188,0.75,"root","mean_activity","annual_higher",0.0117774267920158,1,FALSE,FALSE,TRUE,1,125
"anchor_136","HOG:0012101","Bradi1g70080.v3.2",0,"module_edge_jaccard",0.0124754769674018,0.228571428571429,0.962990654205607,"recurrent_coverage","annual_higher",0.060344827586207,0.75,"root","mean_activity","annual_higher",0.0878338216479002,1,FALSE,FALSE,TRUE,1,126
"anchor_194","HOG:0030883","Bradi1g30960.v3.2",4,"neighborhood_jaccard",0.00773196069357573,0.228571428571429,0.962990654205607,"internal_edge_density","perennial_higher",-0.0564267595718677,1,"leaf","early_to_late","perennial_higher",-0.136146448062713,0.75,FALSE,TRUE,FALSE,1,127
"anchor_163","HOG:0008717","Bradi4g24197.v3.2",0,"neighborhood_jaccard",0.00833986588207619,0.228571428571429,0.962990654205607,"anchor_module_mean_strength_ratio","mixed_or_tied",-0.0368235860745877,0.5,"leaf","mean_activity","perennial_higher",-0.064951889553433,1,FALSE,FALSE,TRUE,1,128
"anchor_119","HOG:0006139","Bradi3g57220.v3.2",0,"module_edge_jaccard",0.00861146622114284,0.257142857142857,0.962990654205607,"anchor_module_mean_strength_ratio","perennial_higher",-0.286129177132089,0.75,"root","mean_activity","annual_higher",0.0650092502101301,1,FALSE,FALSE,TRUE,1,129
"anchor_286","HOG:0028717","Bradi3g45010.v3.2",0,"matched_edge_mean_abs_log_threshold_distance",0.000448101183174041,0.257142857142857,0.962990654205607,"anchor_module_mean_strength_ratio","annual_higher",0.160806106672227,0.75,"root","early_to_late","annual_higher",0.0982092983885792,1,FALSE,FALSE,TRUE,1,130
"anchor_107","HOG:0020293","Bradi1g05970.v3.2",8,"module_edge_jaccard",0.0124775192042249,0.257142857142857,0.962990654205607,"internal_edge_density","perennial_higher",-0.0658207696433241,0.75,"root","mean_activity","perennial_higher",-0.0934327823496654,1,FALSE,FALSE,TRUE,1,131
"anchor_254","HOG:0024990","Bradi1g31417.v3.2",0,"module_edge_jaccard",0.0106421436195149,0.257142857142857,0.962990654205607,"anchor_module_mean_strength_ratio","perennial_higher",-0.0528058715799038,0.75,"leaf","mean_activity","perennial_higher",-0.0591048800884584,1,FALSE,FALSE,TRUE,1,132
"anchor_336","HOG:0032436","Bradi2g05242.v3.2",2,"module_edge_jaccard",0.0220930491528177,0.257142857142857,0.962990654205607,"internal_edge_density","annual_higher",0.0433914265810818,0.75,"leaf","mean_activity","perennial_higher",-0.433285872298873,1,FALSE,FALSE,TRUE,1,133
"anchor_204","HOG:0012261","Bradi5g05650.v3.2",0,"module_edge_jaccard",0.00830361308969829,0.285714285714286,0.962990654205607,"internal_edge_density","perennial_higher",-0.113966447804851,1,"leaf","mean_activity","perennial_higher",-0.0217572809684306,0.75,FALSE,TRUE,FALSE,1,134
"anchor_39","HOG:0007936","Bradi2g15980.v3.2",0,"module_edge_jaccard",0.00399055647711066,0.285714285714286,0.962990654205607,"anchor_module_mean_strength_ratio","perennial_higher",-0.0863181834693315,1,"root","early_to_late","annual_higher",0.0686328121755131,0.75,FALSE,TRUE,FALSE,1,135
"anchor_203","HOG:0018504","Bradi1g23600.v3.2",0,"neighborhood_jaccard",0.00797611068733939,0.285714285714286,0.962990654205607,"internal_edge_density","annual_higher",0.085991661032229,0.75,"leaf","early_to_late","perennial_higher",-0.229105711458357,1,FALSE,FALSE,TRUE,1,136
"anchor_06","HOG:0028766","Bradi1g26350.v3.2",0,"neighborhood_jaccard",0.00724340896817921,0.285714285714286,0.962990654205607,"anchor_module_mean_strength_ratio","perennial_higher",-0.0690532803405746,0.75,"root","mean_activity","annual_higher",0.0155438535132843,1,FALSE,FALSE,TRUE,1,137
"anchor_115","HOG:0024562","Bradi2g28680.v3.2",0,"neighborhood_jaccard",0.0051613007939017,0.285714285714286,0.962990654205607,"internal_edge_density","perennial_higher",-0.059969839266969,1,"leaf","mean_activity","perennial_higher",-0.082977246535008,0.75,FALSE,TRUE,FALSE,1,138
"anchor_225","HOG:0032904","Bradi3g59560.v3.2",0,"matched_edge_correlation",0.037994961352255,0.285714285714286,0.962990654205607,"internal_edge_density","perennial_higher",-0.013436512065475,0.75,"leaf","mean_activity","perennial_higher",-0.420487035989,1,FALSE,FALSE,TRUE,1,139
"anchor_72","HOG:0029544","Bradi2g43740.v3.2",0,"matched_edge_mean_abs_log_threshold_distance",0.000195551612389941,0.314285714285714,0.962990654205607,"anchor_module_mean_strength_ratio","perennial_higher",-0.152411183842977,0.75,"root","mean_activity","annual_higher",0.0377977960895554,1,FALSE,FALSE,TRUE,1,140
"anchor_103","HOG:0011510","Bradi1g60500.v3.2",0,"module_edge_jaccard",0.00611284551030655,0.314285714285714,0.962990654205607,"anchor_module_mean_strength_ratio","annual_higher",0.077170643291587,0.75,"leaf","mean_activity","perennial_higher",-0.327256323363086,1,FALSE,FALSE,TRUE,1,141
"anchor_210","HOG:0012540","Bradi1g08120.v3.2",2,"neighborhood_jaccard",0.00836543391283084,0.314285714285714,0.962990654205607,"internal_edge_density","perennial_higher",-0.0674083261674667,1,"leaf","early_to_late","perennial_higher",-0.124640206768375,0.75,FALSE,TRUE,FALSE,1,142
"anchor_135","HOG:0004114","Bradi1g17710.v3.2",2,"module_edge_jaccard",0.00657737725191221,0.314285714285714,0.962990654205607,"internal_edge_density","mixed_or_tied",-0.0161095848595849,0.5,"leaf","mean_activity","perennial_higher",-0.125186328262521,1,FALSE,FALSE,TRUE,1,143
"anchor_14","HOG:0012056","Bradi1g76330.v3.2",8,"module_edge_jaccard",0.0028467985024152,0.342857142857143,0.962990654205607,"anchor_module_mean_strength_ratio","perennial_higher",-0.10377204490121,0.75,"leaf","mean_activity","annual_higher",0.0167040200942224,1,FALSE,FALSE,TRUE,1,144
"anchor_230","HOG:0012102","Bradi3g44620.v3.2",0,"module_edge_jaccard",0.00560993730729953,0.342857142857143,0.962990654205607,"anchor_module_mean_strength_ratio","annual_higher",0.102227104203515,1,"leaf","early_to_late","perennial_higher",-0.133277320561534,0.75,FALSE,TRUE,FALSE,1,145
"anchor_100","HOG:0012035","Bradi1g15050.v3.2",3,"matched_edge_correlation",0.00812570774852001,0.342857142857143,0.962990654205607,"anchor_module_mean_strength_ratio","perennial_higher",-0.096791343286209,1,"leaf","early_to_late","perennial_higher",-0.0898705419577926,0.75,FALSE,TRUE,FALSE,1,146
"anchor_332","HOG:0028850","Bradi1g05122.v3.2",1,"module_edge_jaccard",0.020817184786005,0.342857142857143,0.962990654205607,"recurrent_coverage","mixed_or_tied",0.0774647887323944,0.5,"root","mean_activity","perennial_higher",-0.0593204219363608,1,FALSE,FALSE,TRUE,1,147
"anchor_333","HOG:0008696","Bradi5g00510.v3.2",1,"matched_edge_mean_abs_log_threshold_distance",0.000111814442800343,0.342857142857143,0.962990654205607,"internal_edge_density","perennial_higher",-0.0723300718888955,1,"leaf","early_to_late","perennial_higher",-0.233952800280577,0.75,FALSE,TRUE,FALSE,1,148
"anchor_176","HOG:0018009","Bradi3g36577.v3.2",0,"module_edge_jaccard",0.00792978920960286,0.342857142857143,0.962990654205607,"internal_edge_density","perennial_higher",-0.0722680204653082,1,"root","early_to_late","annual_higher",0.0681215813489842,0.75,FALSE,TRUE,FALSE,1,149
"anchor_189","HOG:0027641","Bradi3g34450.v3.2",0,"matched_edge_correlation",0.0102721119002561,0.342857142857143,0.962990654205607,"internal_edge_density","perennial_higher",-0.0566595466439236,0.75,"leaf","mean_activity","perennial_higher",-0.301922836123722,1,FALSE,FALSE,TRUE,1,150
"anchor_231","HOG:0023138","Bradi2g28007.v3.2",1,"module_edge_jaccard",-0.00176394928024504,0.371428571428571,0.962990654205607,"anchor_module_mean_strength_ratio","annual_higher",0.119731337343463,0.75,"leaf","mean_activity","perennial_higher",-0.445457427074771,1,FALSE,FALSE,TRUE,1,151
"anchor_217","HOG:0025124","Bradi2g58660.v3.2",0,"matched_edge_correlation",0.00746190021031339,0.371428571428571,0.962990654205607,"internal_edge_density","annual_higher",0.0202955506065834,0.75,"root","mean_activity","perennial_higher",-0.0761633284125773,1,FALSE,FALSE,TRUE,1,152
"anchor_184","HOG:0026019","Bradi1g19650.v3.2",0,"matched_edge_correlation",0.0070662379082222,0.4,0.962990654205607,"anchor_module_mean_strength_ratio","annual_higher",0.203289480653381,0.75,"leaf","mean_activity","perennial_higher",-0.320090701744963,1,FALSE,FALSE,TRUE,1,153
"anchor_322","HOG:0003621","Bradi3g04840.v3.2",0,"neighborhood_jaccard",0.00559730363443653,0.4,0.962990654205607,"anchor_module_mean_strength_ratio","annual_higher",0.198564984573606,1,"leaf","mean_activity","perennial_higher",-0.312751420888616,0.75,FALSE,TRUE,FALSE,1,154
"anchor_308","HOG:0014354","Bradi1g35080.v3.2",0,"module_edge_jaccard",0.0374887398738394,0.4,0.962990654205607,"internal_edge_density","perennial_higher",-0.0792429792429792,0.75,"leaf","mean_activity","perennial_higher",-0.109288817388558,1,FALSE,FALSE,TRUE,1,155
"anchor_173","HOG:0011717","Bradi3g07490.v3.2",1,"neighborhood_jaccard",0.00325585912098825,0.4,0.962990654205607,"anchor_module_mean_strength_ratio","perennial_higher",-0.0625043785854286,0.75,"leaf","mean_activity","perennial_higher",-0.114839054878197,1,FALSE,FALSE,TRUE,1,156
"anchor_113","HOG:0024337","Bradi1g27332.v3.2",0,"neighborhood_jaccard",0.00443300770625155,0.4,0.962990654205607,"internal_edge_density","annual_higher",0.0465590561180638,1,"leaf","mean_activity","perennial_higher",-0.102699762641828,0.75,FALSE,TRUE,FALSE,1,157
"anchor_171","HOG:0008585","Bradi1g70290.v3.2",0,"neighborhood_jaccard",0.00219988332159363,0.428571428571429,0.962990654205607,"internal_edge_density","perennial_higher",-0.0893164958411172,1,"root","early_to_late","perennial_higher",-0.0836124987745775,0.75,FALSE,TRUE,FALSE,1,158
"anchor_236","HOG:0003795","Bradi1g78235.v3.2",0,"neighborhood_jaccard",-0.00118595649463488,0.457142857142857,0.962990654205607,"anchor_module_mean_strength_ratio","annual_higher",0.162486480710432,1,"leaf","early_to_late","perennial_higher",-0.165644708927033,0.75,FALSE,TRUE,FALSE,1,159
"anchor_250","HOG:0006334","Bradi4g38357.v3.2",0,"neighborhood_jaccard",-0.00290762072705861,0.457142857142857,0.962990654205607,"anchor_module_mean_strength_ratio","perennial_higher",-0.072832317048694,0.75,"leaf","mean_activity","perennial_higher",-0.161570311145031,1,FALSE,FALSE,TRUE,1,160
"anchor_326","HOG:0031982","Bradi1g50280.v3.2",0,"module_edge_jaccard",0.0160364780162188,0.485714285714286,0.962990654205607,"internal_edge_density","perennial_higher",-0.0713340299547196,0.75,"leaf","mean_activity","perennial_higher",-0.0301387912135092,1,FALSE,FALSE,TRUE,1,161
"anchor_271","HOG:0026340","Bradi3g57750.v3.2",0,"neighborhood_jaccard",-0.00408929423548643,0.514285714285714,0.962990654205607,"anchor_module_mean_strength_ratio","mixed_or_tied",-0.0790102087080628,0.5,"root","mean_activity","perennial_higher",-0.16970725924406,1,FALSE,FALSE,TRUE,1,162
"anchor_182","HOG:0027090","Bradi1g06290.v3.2",0,"module_edge_jaccard",-7.13085973121919e-05,0.514285714285714,0.962990654205607,"internal_edge_density","perennial_higher",-0.0716545531762923,1,"leaf","mean_activity","perennial_higher",-0.23851485536655,0.75,FALSE,TRUE,FALSE,1,163
"anchor_233","HOG:0016200","Bradi2g54160.v3.2",6,"module_edge_jaccard",3.68394254735005e-05,0.514285714285714,0.962990654205607,"internal_edge_density","perennial_higher",-0.0644172475145684,1,"leaf","early_to_late","perennial_higher",-0.129811154988685,0.75,FALSE,TRUE,FALSE,1,164
"anchor_169","HOG:0030801","Bradi1g66150.v3.2",0,"matched_edge_mean_abs_log_threshold_distance",-0.000131007942440052,0.514285714285714,0.962990654205607,"internal_edge_density","mixed_or_tied",0.0379725279445734,0.5,"root","mean_activity","perennial_higher",-0.062290016432945,1,FALSE,FALSE,TRUE,1,165
"anchor_12","HOG:0026770","Bradi1g07170.v3.2",8,"matched_edge_mean_abs_log_threshold_distance",-0.000104936403203637,0.542857142857143,0.962990654205607,"anchor_module_mean_strength_ratio","perennial_higher",-0.111625237630352,0.75,"leaf","mean_activity","annual_higher",0.0347570867294009,1,FALSE,FALSE,TRUE,1,166
"anchor_110","HOG:0028395","Bradi1g01580.v3.2",0,"neighborhood_jaccard",-0.00267998058142371,0.571428571428571,0.962990654205607,"internal_edge_density","perennial_higher",-0.0606761679128381,1,"leaf","mean_activity","perennial_higher",-0.0991943888574852,0.75,FALSE,TRUE,FALSE,1,167
"anchor_259","HOG:0026742","Bradi2g16647.v3.2",4,"matched_edge_mean_abs_log_threshold_distance",-1.83778379589244e-05,0.571428571428571,0.962990654205607,"internal_edge_density","perennial_higher",-0.0446000420200192,0.75,"leaf","mean_activity","perennial_higher",-0.444603330809359,1,FALSE,FALSE,TRUE,1,168
"anchor_303","HOG:0027639","Bradi3g29700.v3.2",0,"neighborhood_jaccard",-0.00421732811010653,0.6,0.962990654205607,"anchor_module_mean_strength_ratio","annual_higher",0.196526808818743,0.75,"leaf","mean_activity","perennial_higher",-0.129228748945543,1,FALSE,FALSE,TRUE,1,169
"anchor_301","HOG:0018459","Bradi3g57820.v3.2",3,"neighborhood_jaccard",-0.00411783135926394,0.6,0.962990654205607,"anchor_module_mean_strength_ratio","annual_higher",0.168583848836352,0.75,"leaf","mean_activity","annual_higher",0.271314670763613,1,FALSE,FALSE,TRUE,1,170
"anchor_294","HOG:0026361","Bradi1g48010.v3.2",1,"matched_edge_mean_abs_log_threshold_distance",-0.000355759886523893,0.628571428571429,0.962990654205607,"internal_edge_density","mixed_or_tied",-0.0352483376281669,0.5,"leaf","early_to_late","perennial_higher",-0.135030284242794,1,FALSE,FALSE,TRUE,1,171
"anchor_213","HOG:0026073","Bradi2g31830.v3.2",0,"module_edge_jaccard",-0.00557826024280023,0.685714285714286,0.962990654205607,"recurrent_coverage","mixed_or_tied",0.0274725274725275,0.5,"root","mean_activity","perennial_higher",-0.0683168962217417,1,FALSE,FALSE,TRUE,1,172
"anchor_305","HOG:0006008","Bradi3g46590.v3.2",0,"module_edge_jaccard",0.0414805508558523,0.0857142857142857,0.962990654205607,"anchor_module_mean_strength_ratio","perennial_higher",-0.271520709660419,0.75,"root","early_to_late","annual_higher",0.164854597547237,0.75,FALSE,FALSE,FALSE,0,173
"anchor_239","HOG:0028636","Bradi1g62210.v3.2",0,"module_edge_jaccard",0.0213987869745493,0.0857142857142857,0.962990654205607,"anchor_module_mean_strength_ratio","annual_higher",0.219912947094603,0.75,"leaf","early_to_late","perennial_higher",-0.168952920973553,0.75,FALSE,FALSE,FALSE,0,174
"anchor_255","HOG:0032961","Bradi1g11500.v3.2",8,"neighborhood_jaccard",0.0211112187178355,0.0857142857142857,0.962990654205607,"anchor_module_mean_strength_ratio","annual_higher",0.166828462120801,0.75,"root","mean_activity","annual_higher",0.0470725543946479,0.75,FALSE,FALSE,FALSE,0,175
"anchor_21","HOG:0022504","Bradi1g15830.v3.2",0,"module_edge_jaccard",0.00929926901929623,0.0857142857142857,0.962990654205607,"anchor_module_mean_strength_ratio","perennial_higher",-0.135534286787764,0.75,"leaf","early_to_late","perennial_higher",-0.0340311535999751,0.75,FALSE,FALSE,FALSE,0,176
"anchor_157","HOG:0029921","Bradi1g29520.v3.2",0,"module_edge_jaccard",0.0166266687507698,0.0857142857142857,0.962990654205607,"anchor_module_mean_strength_ratio","annual_higher",0.134496996137656,0.75,"leaf","early_to_late","perennial_higher",-0.090601088075545,0.75,FALSE,FALSE,FALSE,0,177
"anchor_24","HOG:0031321","Bradi4g22180.v3.2",0,"neighborhood_jaccard",0.0187410086700813,0.0857142857142857,0.962990654205607,"anchor_module_mean_strength_ratio","perennial_higher",-0.129696830337952,0.75,"root","early_to_late","annual_higher",0.105457704237878,0.75,FALSE,FALSE,FALSE,0,178
"anchor_41","HOG:0028089","Bradi3g59430.v3.2",5,"neighborhood_jaccard",0.0162124864139811,0.0857142857142857,0.962990654205607,"anchor_module_mean_strength_ratio","perennial_higher",-0.122060388315488,0.75,"root","early_to_late","annual_higher",0.0904131672999356,0.75,FALSE,FALSE,FALSE,0,179
"anchor_144","HOG:0028381","Bradi1g34170.v3.2",3,"neighborhood_jaccard",0.0250450144320208,0.0857142857142857,0.962990654205607,"anchor_module_mean_strength_ratio","perennial_higher",-0.108038709666994,0.75,"leaf","early_to_late","perennial_higher",-0.0941725560160755,0.75,FALSE,FALSE,FALSE,0,180
"anchor_17","HOG:0026834","Bradi2g55150.v3.2",0,"module_edge_jaccard",0.00659040108375741,0.0857142857142857,0.962990654205607,"anchor_module_mean_strength_ratio","perennial_higher",-0.0969161473761315,0.75,"root","early_to_late","annual_higher",0.0372577596402408,0.75,FALSE,FALSE,FALSE,0,181
"anchor_186","HOG:0027918","Bradi4g35977.v3.2",0,"matched_edge_correlation",0.0695647545338484,0.0857142857142857,0.962990654205607,"internal_edge_density","annual_higher",0.0869312483882445,0.75,"root","early_to_late","annual_higher",0.707659632288018,0.75,FALSE,FALSE,FALSE,0,182
"anchor_311","HOG:0022963","Bradi2g56070.v3.2",0,"matched_edge_mean_abs_log_threshold_distance",0.00118640258707988,0.0857142857142857,0.962990654205607,"internal_edge_density","perennial_higher",-0.0823620823620824,0.75,"leaf","mean_activity","perennial_higher",-0.0179399015899213,0.75,FALSE,FALSE,FALSE,0,183
"anchor_299","HOG:0025316","Bradi1g71600.v3.2",0,"neighborhood_jaccard",0.023150318001406,0.0857142857142857,0.962990654205607,"anchor_module_mean_strength_ratio","mixed_or_tied",0.0763501212020418,0.5,"leaf","early_to_late","perennial_higher",-0.153173666718356,0.75,FALSE,FALSE,FALSE,0,184
"anchor_82","HOG:0029401","Bradi3g38560.v3.2",0,"matched_edge_mean_abs_log_threshold_distance",0.000470931902084209,0.0857142857142857,0.962990654205607,"internal_edge_density","perennial_higher",-0.0756421703430744,0.75,"root","early_to_late","annual_higher",0.0911032714607936,0.75,FALSE,FALSE,FALSE,0,185
"anchor_02","HOG:0020076","Bradi3g56270.v3.2",0,"module_edge_jaccard",0.00627756771158272,0.0857142857142857,0.962990654205607,"internal_edge_density","perennial_higher",-0.0737173336866186,0.75,"root","early_to_late","annual_higher",0.0748014218241888,0.75,FALSE,FALSE,FALSE,0,186
"anchor_05","HOG:0006205","Bradi1g30273.v3.2",0,"neighborhood_jaccard",0.016604276700773,0.0857142857142857,0.962990654205607,"internal_edge_density","perennial_higher",-0.0719742152016693,0.75,"root","early_to_late","annual_higher",0.0857001671584005,0.75,FALSE,FALSE,FALSE,0,187
"anchor_04","HOG:0019394","Bradi3g16187.v3.2",0,"module_edge_jaccard",0.00663090517628717,0.0857142857142857,0.962990654205607,"anchor_module_mean_strength_ratio","perennial_higher",-0.0660686347345867,0.75,"root","early_to_late","annual_higher",0.0448558632813184,0.75,FALSE,FALSE,FALSE,0,188
"anchor_314","HOG:0031066","Bradi2g43650.v3.2",0,"module_edge_jaccard",0.0303316815203063,0.0857142857142857,0.962990654205607,"recurrent_coverage","perennial_higher",-0.0588235294117647,0.5,"leaf","mean_activity","perennial_higher",-0.0788636942896668,0.75,FALSE,FALSE,FALSE,0,189
"anchor_216","HOG:0016625","Bradi1g19770.v3.2",1,"neighborhood_jaccard",0.0146007478437503,0.0857142857142857,0.962990654205607,"anchor_module_mean_strength_ratio","mixed_or_tied",-0.0573823384545021,0.5,"leaf","early_to_late","perennial_higher",-0.124946744794999,0.75,FALSE,FALSE,FALSE,0,190
"anchor_331","HOG:0027285","Bradi1g33320.v3.2",1,"matched_edge_correlation",0.126515122378735,0.0857142857142857,0.962990654205607,"internal_edge_density","perennial_higher",-0.0560222025739266,0.75,"leaf","mean_activity","perennial_higher",-0.204450825652047,0.75,FALSE,FALSE,FALSE,0,191
"anchor_139","HOG:0005689","Bradi1g44440.v3.2",2,"matched_edge_correlation",0.0247861258183795,0.0857142857142857,0.962990654205607,"internal_edge_density","perennial_higher",-0.0521703851144898,0.75,"leaf","early_to_late","perennial_higher",-0.160893506294179,0.75,FALSE,FALSE,FALSE,0,192
"anchor_298","HOG:0003541","Bradi2g39950.v3.2",0,"module_edge_jaccard",0.110324202578572,0.0857142857142857,0.962990654205607,"internal_edge_density","perennial_higher",-0.0480158730158731,0.75,"leaf","mean_activity","annual_higher",0.138353212925215,0.75,FALSE,FALSE,FALSE,0,193
"anchor_195","HOG:0029148","Bradi1g42010.v3.2",0,"neighborhood_jaccard",0.0177701201289427,0.0857142857142857,0.962990654205607,"anchor_module_mean_strength_ratio","perennial_higher",-0.0206867486087979,0.75,"leaf","early_to_late","perennial_higher",-0.0539636638351937,0.75,FALSE,FALSE,FALSE,0,194
"anchor_154","HOG:0023439","Bradi2g16320.v3.2",0,"neighborhood_jaccard",0.0276021364116595,0.0857142857142857,0.962990654205607,"internal_edge_density","annual_higher",0.0190098926773143,0.75,"leaf","mean_activity","perennial_higher",-0.103780764455533,0.75,FALSE,FALSE,FALSE,0,195
"anchor_187","HOG:0010929","Bradi2g51500.v3.2",0,"module_edge_jaccard",0.0317787774246213,0.114285714285714,0.962990654205607,"anchor_module_mean_strength_ratio","perennial_higher",-0.306445999147703,0.75,"root","early_to_late","annual_higher",0.123986283647015,0.75,FALSE,FALSE,FALSE,0,196
"anchor_148","HOG:0020549","Bradi2g00650.v3.2",0,"neighborhood_jaccard",0.0291559369744355,0.114285714285714,0.962990654205607,"anchor_module_mean_strength_ratio","annual_higher",0.300938795808687,0.75,"root","early_to_late","perennial_higher",-0.0386913957127178,0.75,FALSE,FALSE,FALSE,0,197
"anchor_222","HOG:0032963","Bradi1g16680.v3.2",3,"matched_edge_mean_abs_log_threshold_distance",0.00110085881020131,0.114285714285714,0.962990654205607,"anchor_module_mean_strength_ratio","annual_higher",0.224388569094455,0.75,"leaf","mean_activity","perennial_higher",-0.163945219802109,0.75,FALSE,FALSE,FALSE,0,198
"anchor_292","HOG:0018454","Bradi3g51680.v3.2",0,"module_edge_jaccard",0.033004187461124,0.114285714285714,0.962990654205607,"anchor_module_mean_strength_ratio","annual_higher",0.134840373799722,0.75,"leaf","early_to_late","perennial_higher",-0.153220432661474,0.75,FALSE,FALSE,FALSE,0,199
"anchor_284","HOG:0022810","Bradi3g48530.v3.2",2,"module_edge_jaccard",0.030431440322146,0.114285714285714,0.962990654205607,"anchor_module_mean_strength_ratio","perennial_higher",-0.13036636337521,0.75,"root","early_to_late","perennial_higher",-0.0981340116074622,0.75,FALSE,FALSE,FALSE,0,200
"anchor_140","HOG:0032765","Bradi5g26017.v3.2",1,"module_edge_jaccard",0.0231525607633231,0.114285714285714,0.962990654205607,"recurrent_coverage","annual_higher",0.12962962962963,0.75,"leaf","mean_activity","perennial_higher",-0.2675468952471,0.75,FALSE,FALSE,FALSE,0,201
"anchor_270","HOG:0007636","Bradi3g50240.v3.2",0,"module_edge_jaccard",0.0198422090580961,0.114285714285714,0.962990654205607,"anchor_module_mean_strength_ratio","annual_higher",0.1023202756265,0.75,"root","early_to_late","annual_higher",0.0847744397622409,0.75,FALSE,FALSE,FALSE,0,202
"anchor_111","HOG:0016913","Bradi1g51010.v3.2",0,"module_edge_jaccard",0.0122764235231972,0.114285714285714,0.962990654205607,"anchor_module_mean_strength_ratio","perennial_higher",-0.100768984100395,0.75,"leaf","mean_activity","annual_higher",0.0351119919747555,0.75,FALSE,FALSE,FALSE,0,203
"anchor_71","HOG:0025186","Bradi2g12067.v3.2",0,"matched_edge_mean_abs_log_threshold_distance",0.000281984294863922,0.114285714285714,0.962990654205607,"anchor_module_mean_strength_ratio","perennial_higher",-0.0991416141852458,0.75,"root","early_to_late","annual_higher",0.0526764969524479,0.75,FALSE,FALSE,FALSE,0,204
"anchor_199","HOG:0017178","Bradi1g35670.v3.2",1,"module_edge_jaccard",0.0132240453896126,0.114285714285714,0.962990654205607,"internal_edge_density","perennial_higher",-0.0958487022895143,0.75,"leaf","mean_activity","annual_higher",0.0679096127023949,0.75,FALSE,FALSE,FALSE,0,205
"anchor_30","HOG:0024452","Bradi3g09010.v3.2",0,"module_edge_jaccard",0.0055642317828396,0.114285714285714,0.962990654205607,"anchor_module_mean_strength_ratio","perennial_higher",-0.0902332162142219,0.75,"root","early_to_late","annual_higher",0.0648287264137603,0.75,FALSE,FALSE,FALSE,0,206
"anchor_25","HOG:0016389","Bradi2g62550.v3.2",0,"module_edge_jaccard",0.00602622355976201,0.114285714285714,0.962990654205607,"anchor_module_mean_strength_ratio","perennial_higher",-0.0770683760087142,0.75,"leaf","early_to_late","perennial_higher",-0.0615285492857002,0.75,FALSE,FALSE,FALSE,0,207
"anchor_20","HOG:0023601","Bradi1g34525.v3.2",0,"module_edge_jaccard",0.0081198685483217,0.114285714285714,0.962990654205607,"internal_edge_density","perennial_higher",-0.0739374931284187,0.75,"root","early_to_late","annual_higher",0.0819134764935305,0.75,FALSE,FALSE,FALSE,0,208
"anchor_228","HOG:0006131","Bradi1g26420.v3.2",0,"neighborhood_jaccard",0.0301735929682282,0.114285714285714,0.962990654205607,"anchor_module_mean_strength_ratio","annual_higher",0.0722861964287757,0.75,"leaf","mean_activity","perennial_higher",-0.42556616728706,0.75,FALSE,FALSE,FALSE,0,209
"anchor_155","HOG:0008637","Bradi5g27500.v3.2",1,"module_edge_jaccard",0.0317020842271649,0.114285714285714,0.962990654205607,"anchor_module_mean_strength_ratio","perennial_higher",-0.0717085311068523,0.75,"leaf","early_to_late","perennial_higher",-0.166452515194966,0.75,FALSE,FALSE,FALSE,0,210
"anchor_08","HOG:0006123","Bradi1g36260.v3.2",8,"module_edge_jaccard",0.00447751492165582,0.114285714285714,0.962990654205607,"anchor_module_mean_strength_ratio","perennial_higher",-0.069006306537078,0.75,"root","early_to_late","annual_higher",0.0489580426996081,0.75,FALSE,FALSE,FALSE,0,211
"anchor_18","HOG:0000191","Bradi3g52400.v3.2",0,"module_edge_jaccard",0.00554381144418004,0.114285714285714,0.962990654205607,"internal_edge_density","perennial_higher",-0.0621498282172696,0.75,"root","early_to_late","annual_higher",0.0462985772862594,0.75,FALSE,FALSE,FALSE,0,212
"anchor_300","HOG:0023036","Bradi1g68957.v3.2",0,"matched_edge_mean_abs_log_threshold_distance",0.0012595777500752,0.114285714285714,0.962990654205607,"internal_edge_density","perennial_higher",-0.0596182305900976,0.75,"leaf","mean_activity","perennial_higher",-0.226464708061263,0.75,FALSE,FALSE,FALSE,0,213
"anchor_73","HOG:0029110","Bradi1g62940.v3.2",0,"neighborhood_jaccard",0.018383958143924,0.114285714285714,0.962990654205607,"internal_edge_density","perennial_higher",-0.037764814554622,0.75,"root","early_to_late","annual_higher",0.0920063142717272,0.75,FALSE,FALSE,FALSE,0,214
"anchor_142","HOG:0029540","Bradi1g09530.v3.2",0,"matched_edge_correlation",0.0271676764588458,0.114285714285714,0.962990654205607,"anchor_module_mean_strength_ratio","annual_higher",0.0299947077724502,0.75,"leaf","mean_activity","perennial_higher",-0.145458629360231,0.75,FALSE,FALSE,FALSE,0,215
"anchor_95","HOG:0026142","Bradi1g19010.v3.2",0,"neighborhood_jaccard",0.0305133192384629,0.142857142857143,0.962990654205607,"anchor_module_mean_strength_ratio","perennial_higher",-0.16919931780117,0.75,"leaf","early_to_late","perennial_higher",-0.0473244095380049,0.75,FALSE,FALSE,FALSE,0,216
"anchor_329","HOG:0014208","Bradi1g19930.v3.2",1,"module_edge_jaccard",0.0568906680321548,0.142857142857143,0.962990654205607,"anchor_module_mean_strength_ratio","annual_higher",0.143230443826685,0.75,"root","mean_activity","perennial_higher",-0.123584820605497,0.75,FALSE,FALSE,FALSE,0,217
"anchor_265","HOG:0016371","Bradi5g09930.v3.2",0,"module_edge_jaccard",0.01543173855583,0.142857142857143,0.962990654205607,"anchor_module_mean_strength_ratio","perennial_higher",-0.124806366546438,0.75,"leaf","early_to_late","perennial_higher",-0.218543309568318,0.75,FALSE,FALSE,FALSE,0,218
"anchor_32","HOG:0005788","Bradi3g20520.v3.2",0,"module_edge_jaccard",0.00791494619379141,0.142857142857143,0.962990654205607,"anchor_module_mean_strength_ratio","perennial_higher",-0.115432900090716,0.75,"root","early_to_late","annual_higher",0.0720549066066091,0.75,FALSE,FALSE,FALSE,0,219
"anchor_69","HOG:0033359","Bradi3g52862.v3.2",0,"module_edge_jaccard",0.0115329260258935,0.142857142857143,0.962990654205607,"internal_edge_density","perennial_higher",-0.0888341881367593,0.75,"leaf","early_to_late","perennial_higher",-0.077723257196238,0.75,FALSE,FALSE,FALSE,0,220
"anchor_01","HOG:0020610","Bradi4g08030.v3.2",1,"module_edge_jaccard",0.0046378128743374,0.142857142857143,0.962990654205607,"internal_edge_density","perennial_higher",-0.0834523724866996,0.75,"root","early_to_late","annual_higher",0.0751220609432596,0.75,FALSE,FALSE,FALSE,0,221
"anchor_58","HOG:0032593","Bradi2g17660.v3.2",1,"matched_edge_correlation",0.0148415766146051,0.142857142857143,0.962990654205607,"anchor_module_mean_strength_ratio","perennial_higher",-0.0804938229566795,0.75,"root","early_to_late","annual_higher",0.0744862401852303,0.75,FALSE,FALSE,FALSE,0,222
"anchor_61","HOG:0016166","Bradi3g05950.v3.2",0,"module_edge_jaccard",0.0118129235468344,0.142857142857143,0.962990654205607,"internal_edge_density","perennial_higher",-0.0685237955034483,0.75,"root","early_to_late","annual_higher",0.0868711012157536,0.75,FALSE,FALSE,FALSE,0,223
"anchor_261","HOG:0028718","Bradi3g50330.v3.2",0,"matched_edge_mean_abs_log_threshold_distance",0.000349109801931395,0.142857142857143,0.962990654205607,"internal_edge_density","perennial_higher",-0.0655431899057254,0.75,"root","early_to_late","annual_higher",0.0935389650572047,0.75,FALSE,FALSE,FALSE,0,224
"anchor_15","HOG:0022830","Bradi5g07360.v3.2",0,"module_edge_jaccard",0.00432637229100896,0.142857142857143,0.962990654205607,"internal_edge_density","perennial_higher",-0.0343165798924251,0.75,"root","early_to_late","annual_higher",0.0660397306513845,0.75,FALSE,FALSE,FALSE,0,225
"anchor_185","HOG:0005683","Bradi1g24950.v3.2",1,"matched_edge_correlation",0.0696965667291812,0.142857142857143,0.962990654205607,"internal_edge_density","mixed_or_tied",0.0292247134352397,0.5,"root","early_to_late","annual_higher",0.707096096656195,0.75,FALSE,FALSE,FALSE,0,226
"anchor_249","HOG:0016944","Bradi1g23160.v3.2",0,"neighborhood_jaccard",0.0180873317284705,0.171428571428571,0.962990654205607,"anchor_module_mean_strength_ratio","annual_higher",0.287144457701553,0.75,"leaf","early_to_late","perennial_higher",-0.09727856714406,0.75,FALSE,FALSE,FALSE,0,227
"anchor_264","HOG:0003561","Bradi4g08870.v3.2",2,"neighborhood_jaccard",0.0117270458138944,0.171428571428571,0.962990654205607,"anchor_module_mean_strength_ratio","annual_higher",0.129724573927106,0.75,"root","early_to_late","annual_higher",0.34008812287716,0.75,FALSE,FALSE,FALSE,0,228
"anchor_145","HOG:0026774","Bradi1g41947.v3.2",0,"matched_edge_correlation",0.0327400930882913,0.171428571428571,0.962990654205607,"anchor_module_mean_strength_ratio","mixed_or_tied",0.110751673831379,0.5,"root","early_to_late","annual_higher",0.725699518277633,0.75,FALSE,FALSE,FALSE,0,229
"anchor_09","HOG:0029484","Bradi5g14210.v3.2",8,"module_edge_jaccard",0.0079248380506749,0.171428571428571,0.962990654205607,"internal_edge_density","perennial_higher",-0.0911287432753458,0.75,"leaf","mean_activity","annual_higher",0.0675515543422776,0.75,FALSE,FALSE,FALSE,0,230
"anchor_215","HOG:0012403","Bradi1g41990.v3.2",0,"module_edge_jaccard",0.0297197312374071,0.171428571428571,0.962990654205607,"internal_edge_density","perennial_higher",-0.0895971004045016,0.75,"leaf","mean_activity","perennial_higher",-0.0898656646208757,0.75,FALSE,FALSE,FALSE,0,231
"anchor_51","HOG:0023192","Bradi3g18820.v3.2",0,"matched_edge_mean_abs_log_threshold_distance",0.000201799973176596,0.171428571428571,0.962990654205607,"anchor_module_mean_strength_ratio","perennial_higher",-0.0770808806930042,0.75,"root","early_to_late","annual_higher",0.0859110927476947,0.75,FALSE,FALSE,FALSE,0,232
"anchor_89","HOG:0028008","Bradi2g48150.v3.2",1,"module_edge_jaccard",0.0153367492027024,0.171428571428571,0.962990654205607,"internal_edge_density","perennial_higher",-0.0738684795313247,0.75,"leaf","mean_activity","annual_higher",0.0865468673193536,0.75,FALSE,FALSE,FALSE,0,233
"anchor_209","HOG:0024277","Bradi1g68505.v3.2",1,"matched_edge_mean_abs_log_threshold_distance",0.000577976282337416,0.171428571428571,0.962990654205607,"internal_edge_density","perennial_higher",-0.0670585949997715,0.75,"leaf","early_to_late","annual_higher",0.181488723378522,0.75,FALSE,FALSE,FALSE,0,234
"anchor_181","HOG:0011544","Bradi3g18280.v3.2",2,"neighborhood_jaccard",0.0110175398352096,0.171428571428571,0.962990654205607,"recurrent_coverage","annual_higher",0.0659340659340659,0.75,"leaf","mean_activity","perennial_higher",-0.149653340876172,0.75,FALSE,FALSE,FALSE,0,235
"anchor_50","HOG:0010736","Bradi4g09120.v3.2",0,"module_edge_jaccard",0.00874979613175386,0.171428571428571,0.962990654205607,"internal_edge_density","perennial_higher",-0.0637955659340982,0.75,"root","mean_activity","annual_higher",0.0231784641543288,0.75,FALSE,FALSE,FALSE,0,236
"anchor_134","HOG:0030881","Bradi3g54220.v3.2",0,"module_edge_jaccard",0.0128335363208063,0.171428571428571,0.962990654205607,"internal_edge_density","perennial_higher",-0.0562926153003372,0.75,"leaf","early_to_late","perennial_higher",-0.124057472265683,0.75,FALSE,FALSE,FALSE,0,237
"anchor_96","HOG:0012012","Bradi3g54597.v3.2",0,"matched_edge_mean_abs_log_threshold_distance",0.000275813732046163,0.171428571428571,0.962990654205607,"internal_edge_density","perennial_higher",-0.0135264206230469,0.75,"leaf","early_to_late","perennial_higher",-0.199398550906386,0.75,FALSE,FALSE,FALSE,0,238
"anchor_262","HOG:0023896","Bradi1g50050.v3.2",3,"neighborhood_jaccard",0.0107897531582959,0.2,0.962990654205607,"anchor_module_mean_strength_ratio","perennial_higher",-0.386364828199638,0.75,"leaf","mean_activity","perennial_higher",-0.111177206573062,0.75,FALSE,FALSE,FALSE,0,239
"anchor_289","HOG:0012227","Bradi1g59860.v3.2",0,"neighborhood_jaccard",0.0134849371953926,0.2,0.962990654205607,"anchor_module_mean_strength_ratio","perennial_higher",-0.356127810246464,0.75,"root","mean_activity","annual_higher",0.0542422516041205,0.75,FALSE,FALSE,FALSE,0,240
"anchor_153","HOG:0028065","Bradi4g45190.v3.2",1,"module_edge_jaccard",0.0145579797989527,0.2,0.962990654205607,"anchor_module_mean_strength_ratio","perennial_higher",-0.328068648592143,0.75,"root","early_to_late","annual_higher",0.0565360807277733,0.75,FALSE,FALSE,FALSE,0,241
"anchor_246","HOG:0027495","Bradi1g74180.v3.2",0,"module_edge_jaccard",0.0243424353573634,0.2,0.962990654205607,"internal_edge_density","perennial_higher",-0.140776924437275,0.75,"leaf","early_to_late","perennial_higher",-0.186648729614185,0.75,FALSE,FALSE,FALSE,0,242
"anchor_137","HOG:0012334","Bradi2g26607.v3.2",0,"neighborhood_jaccard",0.0143453381864043,0.2,0.962990654205607,"anchor_module_mean_strength_ratio","perennial_higher",-0.113974698818944,0.75,"leaf","mean_activity","perennial_higher",-0.204871855856838,0.75,FALSE,FALSE,FALSE,0,243
"anchor_80","HOG:0025232","Bradi1g19220.v3.2",0,"matched_edge_mean_abs_log_threshold_distance",0.000277218435126432,0.2,0.962990654205607,"internal_edge_density","perennial_higher",-0.0854447928823147,0.75,"root","early_to_late","annual_higher",0.109139803618625,0.75,FALSE,FALSE,FALSE,0,244
"anchor_55","HOG:0021036","Bradi2g36480.v3.2",0,"neighborhood_jaccard",0.0100082123596255,0.2,0.962990654205607,"anchor_module_mean_strength_ratio","perennial_higher",-0.0671070967585271,0.75,"leaf","early_to_late","perennial_higher",-0.0611777372060213,0.75,FALSE,FALSE,FALSE,0,245
"anchor_63","HOG:0020349","Bradi2g53960.v3.2",0,"neighborhood_jaccard",0.0165773092316442,0.2,0.962990654205607,"anchor_module_mean_strength_ratio","perennial_higher",-0.0580612539320917,0.75,"root","early_to_late","annual_higher",0.0641545522011555,0.75,FALSE,FALSE,FALSE,0,246
"anchor_117","HOG:0021123","Bradi3g52460.v3.2",0,"neighborhood_jaccard",0.00995582314144261,0.2,0.962990654205607,"internal_edge_density","annual_higher",0.054218480914633,0.75,"leaf","mean_activity","perennial_higher",-0.126016285995602,0.75,FALSE,FALSE,FALSE,0,247
"anchor_166","HOG:0016397","Bradi1g12050.v3.2",1,"neighborhood_jaccard",0.0114672542712849,0.2,0.962990654205607,"internal_edge_density","perennial_higher",-0.0470139206989397,0.75,"leaf","early_to_late","perennial_higher",-0.140060924864641,0.75,FALSE,FALSE,FALSE,0,248
"anchor_88","HOG:0025219","Bradi4g22700.v3.2",0,"neighborhood_jaccard",0.020211683123572,0.2,0.962990654205607,"internal_edge_density","perennial_higher",-0.0342270814695349,0.75,"root","early_to_late","annual_higher",0.0796817454241488,0.75,FALSE,FALSE,FALSE,0,249
"anchor_177","HOG:0000535","Bradi5g07240.v3.2",1,"matched_edge_correlation",0.0425063164785479,0.2,0.962990654205607,"anchor_module_mean_strength_ratio","mixed_or_tied",-0.0187503239293613,0.5,"leaf","mean_activity","perennial_higher",-0.08408276099751,0.75,FALSE,FALSE,FALSE,0,250
"anchor_244","HOG:0027351","Bradi1g43097.v3.2",1,"module_edge_jaccard",0.01842048044941,0.228571428571429,0.962990654205607,"anchor_module_mean_strength_ratio","annual_higher",0.223230214727976,0.75,"leaf","mean_activity","perennial_higher",-0.176182844402778,0.75,FALSE,FALSE,FALSE,0,251
"anchor_310","HOG:0007835","Bradi1g41930.v3.2",0,"module_edge_jaccard",0.0258121588707184,0.228571428571429,0.962990654205607,"anchor_module_mean_strength_ratio","annual_higher",0.170905929234815,0.75,"leaf","mean_activity","perennial_higher",-0.0802223691424802,0.75,FALSE,FALSE,FALSE,0,252
"anchor_81","HOG:0023669","Bradi3g59130.v3.2",1,"neighborhood_jaccard",0.00899302397534818,0.228571428571429,0.962990654205607,"anchor_module_mean_strength_ratio","annual_higher",0.113584739776364,0.75,"root","early_to_late","annual_higher",0.082528883292426,0.75,FALSE,FALSE,FALSE,0,253
"anchor_218","HOG:0029429","Bradi3g41920.v3.2",0,"module_edge_jaccard",0.0139055643323832,0.228571428571429,0.962990654205607,"anchor_module_mean_strength_ratio","annual_higher",0.112900289434501,0.75,"leaf","mean_activity","perennial_higher",-0.127077319275935,0.75,FALSE,FALSE,FALSE,0,254
"anchor_219","HOG:0025848","Bradi1g57635.v3.2",2,"module_edge_jaccard",0.021801037972032,0.228571428571429,0.962990654205607,"anchor_module_mean_strength_ratio","annual_higher",0.0994181588737751,0.75,"root","early_to_late","annual_higher",0.460762537512379,0.75,FALSE,FALSE,FALSE,0,255
"anchor_167","HOG:0027529","Bradi1g59910.v3.2",0,"neighborhood_jaccard",0.0133958448067844,0.228571428571429,0.962990654205607,"internal_edge_density","perennial_higher",-0.0768092132701504,0.75,"leaf","early_to_late","perennial_higher",-0.133576186760443,0.75,FALSE,FALSE,FALSE,0,256
"anchor_83","HOG:0023230","Bradi3g52437.v3.2",0,"matched_edge_correlation",0.00903915637583724,0.228571428571429,0.962990654205607,"internal_edge_density","perennial_higher",-0.06222085957436,0.75,"root","early_to_late","mixed_or_tied",0.0614524720851131,0.5,FALSE,FALSE,FALSE,0,257
"anchor_313","HOG:0007849","Bradi3g47880.v3.2",0,"module_edge_jaccard",0.015462857430548,0.228571428571429,0.962990654205607,"internal_edge_density","perennial_higher",-0.0401736654257663,0.75,"root","early_to_late","perennial_higher",-0.141321081677349,0.75,FALSE,FALSE,FALSE,0,258
"anchor_188","HOG:0005666","Bradi3g07923.v3.2",0,"module_edge_jaccard",0.014446698343329,0.228571428571429,0.962990654205607,"anchor_module_mean_strength_ratio","perennial_higher",-0.0315628160967295,0.75,"leaf","early_to_late","perennial_higher",-0.157708794606999,0.75,FALSE,FALSE,FALSE,0,259
"anchor_252","HOG:0022123","Bradi3g16290.v3.2",0,"neighborhood_jaccard",0.00895018966299624,0.257142857142857,0.962990654205607,"anchor_module_mean_strength_ratio","annual_higher",0.289379073502636,0.75,"leaf","early_to_late","perennial_higher",-0.167207871088486,0.75,FALSE,FALSE,FALSE,0,260
"anchor_48","HOG:0023400","Bradi3g48180.v3.2",1,"module_edge_jaccard",0.00658019407170707,0.257142857142857,0.962990654205607,"anchor_module_mean_strength_ratio","perennial_higher",-0.140151019661834,0.75,"root","early_to_late","annual_higher",0.0753346585414147,0.75,FALSE,FALSE,FALSE,0,261
"anchor_281","HOG:0011064","Bradi1g04220.v3.2",4,"neighborhood_jaccard",0.00675973640945926,0.257142857142857,0.962990654205607,"anchor_module_mean_strength_ratio","perennial_higher",-0.121835812759282,0.75,"leaf","early_to_late","perennial_higher",-0.105255809098316,0.75,FALSE,FALSE,FALSE,0,262
"anchor_10","HOG:0023085","Bradi1g06430.v3.2",8,"module_edge_jaccard",0.00342515734613369,0.257142857142857,0.962990654205607,"anchor_module_mean_strength_ratio","perennial_higher",-0.0787443290306145,0.75,"root","early_to_late","annual_higher",0.0709965958394217,0.75,FALSE,FALSE,FALSE,0,263
"anchor_22","HOG:0011649","Bradi3g26391.v3.2",0,"neighborhood_jaccard",0.0107651620147198,0.257142857142857,0.962990654205607,"internal_edge_density","perennial_higher",-0.0619302275841687,0.75,"leaf","mean_activity","annual_higher",0.0401797889998722,0.75,FALSE,FALSE,FALSE,0,264
"anchor_247","HOG:0013148","Bradi1g12210.v3.2",0,"matched_edge_mean_abs_log_threshold_distance",0.00103332979951084,0.257142857142857,0.962990654205607,"internal_edge_density","annual_higher",0.0581751581751582,0.75,"root","mean_activity","perennial_higher",-0.188989523744153,0.75,FALSE,FALSE,FALSE,0,265
"anchor_160","HOG:0024444","Bradi1g72400.v3.2",0,"module_edge_jaccard",0.0170887405500637,0.257142857142857,0.962990654205607,"anchor_module_mean_strength_ratio","perennial_higher",-0.0480532409637856,0.75,"root","early_to_late","annual_higher",0.119257855082151,0.75,FALSE,FALSE,FALSE,0,266
"anchor_126","HOG:0000096","Bradi1g63310.v3.2",0,"neighborhood_jaccard",0.0109850885193509,0.257142857142857,0.962990654205607,"internal_edge_density","annual_higher",0.032903573601248,0.75,"root","mean_activity","perennial_higher",-0.0848483510755317,0.75,FALSE,FALSE,FALSE,0,267
"anchor_180","HOG:0030884","Bradi1g36501.v3.2",0,"matched_edge_correlation",0.0108876494002379,0.257142857142857,0.962990654205607,"internal_edge_density","perennial_higher",-0.0299651724639526,0.75,"leaf","early_to_late","perennial_higher",-0.148002011465643,0.75,FALSE,FALSE,FALSE,0,268
"anchor_198","HOG:0005877","Bradi2g15260.v3.2",4,"matched_edge_correlation",0.0396682611369358,0.257142857142857,0.962990654205607,"internal_edge_density","perennial_higher",-0.027715189730036,0.75,"root","early_to_late","annual_higher",0.130283291099931,0.75,FALSE,FALSE,FALSE,0,269
"anchor_151","HOG:0028263","Bradi2g42017.v3.2",0,"matched_edge_mean_abs_log_threshold_distance",0.00044985877765032,0.257142857142857,0.962990654205607,"anchor_module_mean_strength_ratio","mixed_or_tied",0.0115364169510274,0.5,"root","early_to_late","annual_higher",0.132786221602544,0.75,FALSE,FALSE,FALSE,0,270
"anchor_37","HOG:0007638","Bradi1g32310.v3.2",1,"module_edge_jaccard",0.00236155263232263,0.285714285714286,0.962990654205607,"anchor_module_mean_strength_ratio","annual_higher",0.0978433803365757,0.75,"root","early_to_late","annual_higher",0.0547555539606907,0.75,FALSE,FALSE,FALSE,0,271
"anchor_132","HOG:0030886","Bradi1g68750.v3.2",0,"module_edge_jaccard",0.00695441398804647,0.285714285714286,0.962990654205607,"anchor_module_mean_strength_ratio","perennial_higher",-0.0826863233492294,0.75,"leaf","early_to_late","perennial_higher",-0.225146082287441,0.75,FALSE,FALSE,FALSE,0,272
"anchor_07","HOG:0011862","Bradi1g76470.v3.2",0,"module_edge_jaccard",0.00349240126401995,0.285714285714286,0.962990654205607,"anchor_module_mean_strength_ratio","perennial_higher",-0.0758608674809576,0.75,"root","early_to_late","annual_higher",0.0403055640680072,0.75,FALSE,FALSE,FALSE,0,273
"anchor_28","HOG:0023914","Bradi4g40800.v3.2",0,"module_edge_jaccard",0.00211195030994082,0.285714285714286,0.962990654205607,"anchor_module_mean_strength_ratio","perennial_higher",-0.0472578118859826,0.75,"root","early_to_late","annual_higher",0.0541648269369182,0.75,FALSE,FALSE,FALSE,0,274
"anchor_150","HOG:0011478","Bradi2g16560.v3.2",0,"neighborhood_jaccard",0.00371615464163769,0.285714285714286,0.962990654205607,"internal_edge_density","mixed_or_tied",-0.0300672495718935,0.5,"leaf","mean_activity","perennial_higher",-0.327520068880692,0.75,FALSE,FALSE,FALSE,0,275
"anchor_274","HOG:0019536","Bradi1g72470.v3.2",0,"neighborhood_jaccard",0.00764526514520336,0.285714285714286,0.962990654205607,"recurrent_coverage","mixed_or_tied",-0.0133333333333334,0.5,"leaf","early_to_late","annual_higher",0.184741554906297,0.75,FALSE,FALSE,FALSE,0,276
"anchor_59","HOG:0023358","Bradi1g73770.v3.2",0,"module_edge_jaccard",0.00328297277799627,0.314285714285714,0.962990654205607,"anchor_module_mean_strength_ratio","perennial_higher",-0.135226540348645,0.75,"leaf","mean_activity","annual_higher",0.0699882314035151,0.75,FALSE,FALSE,FALSE,0,277
"anchor_318","HOG:0005960","Bradi1g56960.v3.2",7,"matched_edge_mean_abs_log_threshold_distance",0.000544890826756659,0.314285714285714,0.962990654205607,"internal_edge_density","annual_higher",0.0846574881057639,0.75,"root","early_to_late","annual_higher",0.40740102727136,0.75,FALSE,FALSE,FALSE,0,278
"anchor_45","HOG:0007725","Bradi1g64267.v3.2",0,"neighborhood_jaccard",0.00472820405792473,0.314285714285714,0.962990654205607,"internal_edge_density","perennial_higher",-0.0793808461952112,0.75,"leaf","mean_activity","annual_higher",0.0342735939748989,0.75,FALSE,FALSE,FALSE,0,279
"anchor_70","HOG:0032161","Bradi4g00330.v3.2",5,"neighborhood_jaccard",0.00437345288029511,0.314285714285714,0.962990654205607,"internal_edge_density","perennial_higher",-0.0667569748697585,0.75,"root","early_to_late","annual_higher",0.0775586632929838,0.75,FALSE,FALSE,FALSE,0,280
"anchor_130","HOG:0024495","Bradi5g02340.v3.2",0,"matched_edge_correlation",0.0138409098956513,0.314285714285714,0.962990654205607,"internal_edge_density","perennial_higher",-0.0641888429073068,0.75,"leaf","mean_activity","perennial_higher",-0.099020189662589,0.75,FALSE,FALSE,FALSE,0,281
"anchor_29","HOG:0010571","Bradi3g55317.v3.2",0,"module_edge_jaccard",0.00403014543442626,0.314285714285714,0.962990654205607,"internal_edge_density","perennial_higher",-0.0606830886771285,0.75,"root","early_to_late","annual_higher",0.0883828087473175,0.75,FALSE,FALSE,FALSE,0,282
"anchor_147","HOG:0032849","Bradi1g25002.v3.2",0,"matched_edge_mean_abs_log_threshold_distance",0.000420956905919694,0.314285714285714,0.962990654205607,"internal_edge_density","annual_higher",0.0583943833943834,0.75,"root","early_to_late","annual_higher",0.591184728813215,0.75,FALSE,FALSE,FALSE,0,283
"anchor_93","HOG:0028978","Bradi2g17350.v3.2",0,"neighborhood_jaccard",0.0028714631834002,0.314285714285714,0.962990654205607,"internal_edge_density","annual_higher",0.0581957151497717,0.75,"root","mean_activity","perennial_higher",-0.0899260465538797,0.75,FALSE,FALSE,FALSE,0,284
"anchor_54","HOG:0022739","Bradi4g14020.v3.2",8,"module_edge_jaccard",0.00415773595402047,0.314285714285714,0.962990654205607,"internal_edge_density","perennial_higher",-0.0157334498771382,0.75,"root","early_to_late","annual_higher",0.0428993523854212,0.75,FALSE,FALSE,FALSE,0,285
"anchor_174","HOG:0026397","Bradi1g18710.v3.2",2,"neighborhood_jaccard",0.00932175898993443,0.314285714285714,0.962990654205607,"internal_edge_density","annual_higher",0.010113260084498,0.75,"root","mean_activity","perennial_higher",-0.0723570719131133,0.75,FALSE,FALSE,FALSE,0,286
"anchor_47","HOG:0020310","Bradi1g29090.v3.2",0,"neighborhood_jaccard",0.00748684306118191,0.342857142857143,0.962990654205607,"anchor_module_mean_strength_ratio","perennial_higher",-0.294184080517536,0.75,"root","early_to_late","annual_higher",0.0933260157301686,0.75,FALSE,FALSE,FALSE,0,287
"anchor_258","HOG:0027091","Bradi1g57040.v3.2",0,"matched_edge_mean_abs_log_threshold_distance",0.000568641200415521,0.342857142857143,0.962990654205607,"anchor_module_mean_strength_ratio","perennial_higher",-0.25987845004381,0.75,"leaf","mean_activity","perennial_higher",-0.338276843892957,0.75,FALSE,FALSE,FALSE,0,288
"anchor_242","HOG:0017189","Bradi4g02000.v3.2",0,"module_edge_jaccard",0.00332726670506567,0.342857142857143,0.962990654205607,"anchor_module_mean_strength_ratio","annual_higher",0.220369763408401,0.75,"leaf","mean_activity","perennial_higher",-0.142322965690638,0.75,FALSE,FALSE,FALSE,0,289
"anchor_129","HOG:0029472","Bradi2g00817.v3.2",0,"neighborhood_jaccard",0.00604282502978903,0.342857142857143,0.962990654205607,"anchor_module_mean_strength_ratio","perennial_higher",-0.170978855384911,0.75,"leaf","mean_activity","mixed_or_tied",0.0330408111425031,0.5,FALSE,FALSE,FALSE,0,290
"anchor_23","HOG:0028394","Bradi3g47690.v3.2",0,"module_edge_jaccard",0.00322091824865411,0.342857142857143,0.962990654205607,"anchor_module_mean_strength_ratio","perennial_higher",-0.114480645715933,0.75,"root","early_to_late","annual_higher",0.076458874246983,0.75,FALSE,FALSE,FALSE,0,291
"anchor_214","HOG:0017319","Bradi5g22290.v3.2",0,"neighborhood_jaccard",0.0058390004093482,0.342857142857143,0.962990654205607,"internal_edge_density","perennial_higher",-0.0989813899196305,0.75,"leaf","early_to_late","perennial_higher",-0.218445675425447,0.75,FALSE,FALSE,FALSE,0,292
"anchor_168","HOG:0000122","Bradi3g01190.v3.2",0,"neighborhood_jaccard",0.00224784899789746,0.342857142857143,0.962990654205607,"internal_edge_density","mixed_or_tied",0.0523004763136342,0.5,"root","mean_activity","perennial_higher",-0.129732084209774,0.75,FALSE,FALSE,FALSE,0,293
"anchor_99","HOG:0031473","Bradi4g08760.v3.2",0,"matched_edge_mean_abs_log_threshold_distance",9.86864049983532e-05,0.371428571428571,0.962990654205607,"anchor_module_mean_strength_ratio","perennial_higher",-0.296008869323291,0.75,"root","early_to_late","annual_higher",0.102397894280315,0.75,FALSE,FALSE,FALSE,0,294
"anchor_325","HOG:0011775","Bradi1g00580.v3.2",0,"neighborhood_jaccard",0.0054744673193562,0.371428571428571,0.962990654205607,"anchor_module_mean_strength_ratio","annual_higher",0.257014028259799,0.75,"root","early_to_late","annual_higher",0.640660798665686,0.75,FALSE,FALSE,FALSE,0,295
"anchor_306","HOG:0010549","Bradi4g02725.v3.2",0,"neighborhood_jaccard",0.00678714037047509,0.371428571428571,0.962990654205607,"anchor_module_mean_strength_ratio","annual_higher",0.165411192294364,0.75,"root","early_to_late","annual_higher",0.48686491381584,0.75,FALSE,FALSE,FALSE,0,296
"anchor_212","HOG:0018037","Bradi2g28460.v3.2",0,"module_edge_jaccard",0.00223886701123432,0.371428571428571,0.962990654205607,"anchor_module_mean_strength_ratio","perennial_higher",-0.0950123081917578,0.75,"leaf","early_to_late","perennial_higher",-0.099001626106406,0.75,FALSE,FALSE,FALSE,0,297
"anchor_44","HOG:0000178","Bradi1g78710.v3.2",0,"neighborhood_jaccard",0.00316055849990171,0.371428571428571,0.962990654205607,"internal_edge_density","perennial_higher",-0.085946478870952,0.75,"root","early_to_late","annual_higher",0.0623054312669897,0.75,FALSE,FALSE,FALSE,0,298
"anchor_108","HOG:0033256","Bradi4g21750.v3.2",1,"module_edge_jaccard",0.00615043899881218,0.371428571428571,0.962990654205607,"internal_edge_density","perennial_higher",-0.0765614985079043,0.75,"root","early_to_late","annual_higher",0.100624118535609,0.75,FALSE,FALSE,FALSE,0,299
"anchor_91","HOG:0023227","Bradi1g17920.v3.2",2,"neighborhood_jaccard",0.00562642380154627,0.371428571428571,0.962990654205607,"recurrent_coverage","perennial_higher",-0.0375,0.75,"root","mean_activity","perennial_higher",-0.0941101084603909,0.75,FALSE,FALSE,FALSE,0,300
"anchor_101","HOG:0007833","Bradi4g24610.v3.2",0,"neighborhood_jaccard",0.00258355549973549,0.371428571428571,0.962990654205607,"internal_edge_density","annual_higher",0.0295862474729503,0.75,"root","mean_activity","perennial_higher",-0.0940394755874995,0.75,FALSE,FALSE,FALSE,0,301
"anchor_275","HOG:0033004","Bradi1g56780.v3.2",2,"neighborhood_jaccard",0.00100123522476508,0.371428571428571,0.962990654205607,"anchor_module_mean_strength_ratio","mixed_or_tied",-0.0176343555510255,0.5,"leaf","mean_activity","perennial_higher",-0.178803822238926,0.75,FALSE,FALSE,FALSE,0,302
"anchor_40","HOG:0028012","Bradi2g10770.v3.2",1,"module_edge_jaccard",0.00107884197990338,0.4,0.962990654205607,"internal_edge_density","perennial_higher",-0.0935359280227573,0.75,"root","early_to_late","annual_higher",0.0850772619232773,0.75,FALSE,FALSE,FALSE,0,303
"anchor_276","HOG:0007697","Bradi1g27040.v3.2",0,"neighborhood_jaccard",0.00371110333291705,0.4,0.962990654205607,"internal_edge_density","annual_higher",0.0719896736123916,0.75,"leaf","early_to_late","perennial_higher",-0.172146844441612,0.75,FALSE,FALSE,FALSE,0,304
"anchor_229","HOG:0000322","Bradi2g36890.v3.2",0,"matched_edge_mean_abs_log_threshold_distance",0.000123768057099861,0.4,0.962990654205607,"internal_edge_density","annual_higher",0.0602739324918807,0.75,"root","early_to_late","perennial_higher",-0.086974609019811,0.75,FALSE,FALSE,FALSE,0,305
"anchor_146","HOG:0032629","Bradi2g58370.v3.2",1,"module_edge_jaccard",0.00545054770275522,0.4,0.962990654205607,"internal_edge_density","perennial_higher",-0.0137475737697902,0.75,"leaf","early_to_late","perennial_higher",-0.201514257921345,0.75,FALSE,FALSE,FALSE,0,306
"anchor_223","HOG:0013389","Bradi3g34360.v3.2",0,"matched_edge_correlation",0.00536117700193893,0.428571428571429,0.962990654205607,"internal_edge_density","annual_higher",0.131423255107466,0.75,"leaf","early_to_late","perennial_higher",-0.225749522897283,0.75,FALSE,FALSE,FALSE,0,307
"anchor_19","HOG:0019927","Bradi3g45840.v3.2",0,"module_edge_jaccard",0.000439308494540991,0.428571428571429,0.962990654205607,"anchor_module_mean_strength_ratio","perennial_higher",-0.0746635734668036,0.75,"root","early_to_late","annual_higher",0.0573461886906088,0.75,FALSE,FALSE,FALSE,0,308
"anchor_16","HOG:0007637","Bradi1g29900.v3.2",0,"matched_edge_mean_abs_log_threshold_distance",-1.20972597902301e-05,0.428571428571429,0.962990654205607,"internal_edge_density","perennial_higher",-0.0586736288874321,0.75,"root","early_to_late","annual_higher",0.0857876739223958,0.75,FALSE,FALSE,FALSE,0,309
"anchor_60","HOG:0000465","Bradi1g54030.v3.2",0,"neighborhood_jaccard",0.000328141290630746,0.428571428571429,0.962990654205607,"internal_edge_density","perennial_higher",-0.05069252170592,0.75,"leaf","mean_activity","annual_higher",0.0617522645411785,0.75,FALSE,FALSE,FALSE,0,310
"anchor_280","HOG:0026707","Bradi1g70180.v3.2",0,"neighborhood_jaccard",0.00405186208540509,0.428571428571429,0.962990654205607,"anchor_module_mean_strength_ratio","perennial_higher",-0.037341832747931,0.75,"root","early_to_late","perennial_higher",-0.133123128534706,0.75,FALSE,FALSE,FALSE,0,311
"anchor_245","HOG:0026703","Bradi1g08130.v3.2",3,"neighborhood_jaccard",0.00240925070520634,0.428571428571429,0.962990654205607,"internal_edge_density","perennial_higher",-0.0300265094382742,0.75,"leaf","mean_activity","perennial_higher",-0.114676477958366,0.75,FALSE,FALSE,FALSE,0,312
"anchor_33","HOG:0016909","Bradi2g33500.v3.2",0,"module_edge_jaccard",0.00265994539726555,0.457142857142857,0.962990654205607,"anchor_module_mean_strength_ratio","perennial_higher",-0.0858261806297433,0.75,"leaf","early_to_late","perennial_higher",-0.0402018522173307,0.75,FALSE,FALSE,FALSE,0,313
"anchor_125","HOG:0018534","Bradi2g39810.v3.2",0,"matched_edge_correlation",0.0031155017329231,0.457142857142857,0.962990654205607,"internal_edge_density","mixed_or_tied",-0.0178829122781384,0.5,"leaf","mean_activity","perennial_higher",-0.0811703042409319,0.75,FALSE,FALSE,FALSE,0,314
"anchor_290","HOG:0031056","Bradi3g16307.v3.2",0,"module_edge_jaccard",0.00700666684583628,0.485714285714286,0.962990654205607,"internal_edge_density","perennial_higher",-0.124828847622965,0.75,"leaf","mean_activity","perennial_higher",-0.357532288150741,0.75,FALSE,FALSE,FALSE,0,315
"anchor_282","HOG:0008732","Bradi3g42060.v3.2",0,"module_edge_jaccard",-0.00436278844552518,0.485714285714286,0.962990654205607,"anchor_module_mean_strength_ratio","perennial_higher",-0.0853073512434039,0.75,"leaf","mean_activity","perennial_higher",-0.366771821858366,0.75,FALSE,FALSE,FALSE,0,316
"anchor_27","HOG:0004192","Bradi2g15307.v3.2",0,"module_edge_jaccard",0.000226360824639005,0.485714285714286,0.962990654205607,"internal_edge_density","perennial_higher",-0.054119899982652,0.75,"root","early_to_late","annual_higher",0.0607250458865781,0.75,FALSE,FALSE,FALSE,0,317
"anchor_34","HOG:0000226","Bradi3g39750.v3.2",0,"module_edge_jaccard",0.000446956129892095,0.514285714285714,0.962990654205607,"anchor_module_mean_strength_ratio","perennial_higher",-0.152083116277132,0.75,"root","early_to_late","annual_higher",0.0623646411471632,0.75,FALSE,FALSE,FALSE,0,318
"anchor_79","HOG:0017159","Bradi2g44856.v3.2",6,"neighborhood_jaccard",-0.00381959495102591,0.514285714285714,0.962990654205607,"anchor_module_mean_strength_ratio","perennial_higher",-0.121367855141984,0.75,"leaf","mean_activity","annual_higher",0.0769263858417524,0.75,FALSE,FALSE,FALSE,0,319
"anchor_53","HOG:0016795","Bradi1g52460.v3.2",0,"neighborhood_jaccard",0.000697519504178068,0.514285714285714,0.962990654205607,"anchor_module_mean_strength_ratio","perennial_higher",-0.0869126785070671,0.75,"leaf","mean_activity","annual_higher",0.0379439274145187,0.75,FALSE,FALSE,FALSE,0,320
"anchor_11","HOG:0021930","Bradi3g10770.v3.2",0,"matched_edge_mean_abs_log_threshold_distance",-7.5512159600449e-05,0.514285714285714,0.962990654205607,"internal_edge_density","perennial_higher",-0.0709107977258331,0.75,"root","early_to_late","annual_higher",0.0553937525855542,0.75,FALSE,FALSE,FALSE,0,321
"anchor_123","HOG:0005690","Bradi1g50860.v3.2",2,"module_edge_jaccard",0.00016490100877109,0.514285714285714,0.962990654205607,"internal_edge_density","perennial_higher",-0.037166539492766,0.75,"root","mean_activity","perennial_higher",-0.073094400613607,0.75,FALSE,FALSE,FALSE,0,322
"anchor_66","HOG:0027281","Bradi1g06080.v3.2",0,"module_edge_jaccard",0.000614402559927507,0.542857142857143,0.962990654205607,"anchor_module_mean_strength_ratio","perennial_higher",-0.220461011589979,0.75,"root","early_to_late","annual_higher",0.0641082501974805,0.75,FALSE,FALSE,FALSE,0,323
"anchor_296","HOG:0032348","Bradi1g24130.v3.2",5,"neighborhood_jaccard",-0.00453843636197157,0.542857142857143,0.962990654205607,"anchor_module_mean_strength_ratio","annual_higher",0.202610848657743,0.75,"leaf","early_to_late","perennial_higher",-0.213759704334814,0.75,FALSE,FALSE,FALSE,0,324
"anchor_201","HOG:0027005","Bradi5g02330.v3.2",1,"module_edge_jaccard",-0.00235208198878573,0.542857142857143,0.962990654205607,"anchor_module_mean_strength_ratio","annual_higher",0.152995511265038,0.75,"leaf","mean_activity","perennial_higher",-0.0668947267436117,0.75,FALSE,FALSE,FALSE,0,325
"anchor_65","HOG:0018364","Bradi4g28970.v3.2",0,"neighborhood_jaccard",-0.00162372238806791,0.6,0.962990654205607,"internal_edge_density","perennial_higher",-0.0841156056138036,0.75,"root","early_to_late","annual_higher",0.0813691391923759,0.75,FALSE,FALSE,FALSE,0,326
"anchor_86","HOG:0026902","Bradi2g00660.v3.2",0,"module_edge_jaccard",-0.00191318966504472,0.628571428571429,0.962990654205607,"anchor_module_mean_strength_ratio","perennial_higher",-0.232514336356236,0.75,"root","early_to_late","annual_higher",0.125058565731516,0.75,FALSE,FALSE,FALSE,0,327
"anchor_321","HOG:0028005","Bradi3g06217.v3.2",0,"module_edge_jaccard",-0.0162990124380071,0.628571428571429,0.962990654205607,"anchor_module_mean_strength_ratio","mixed_or_tied",0.12496221154704,0.5,"leaf","early_to_late","perennial_higher",-0.157664672803841,0.75,FALSE,FALSE,FALSE,0,328
"anchor_64","HOG:0006263","Bradi1g02770.v3.2",0,"module_edge_jaccard",-0.00280767014351513,0.628571428571429,0.962990654205607,"anchor_module_mean_strength_ratio","perennial_higher",-0.066434931453419,0.75,"leaf","early_to_late","annual_higher",0.0166129567003357,0.75,FALSE,FALSE,FALSE,0,329
"anchor_328","HOG:0021943","Bradi1g54200.v3.2",1,"matched_edge_mean_abs_log_threshold_distance",-0.00017237770888956,0.657142857142857,0.962990654205607,"anchor_module_mean_strength_ratio","annual_higher",0.074290547344934,0.75,"leaf","early_to_late","perennial_higher",-0.201911480461587,0.75,FALSE,FALSE,FALSE,0,330
"anchor_112","HOG:0026556","Bradi2g11490.v3.2",0,"matched_edge_correlation",-0.0105341544955802,0.657142857142857,0.962990654205607,"anchor_module_mean_strength_ratio","perennial_higher",-0.0736950763050377,0.75,"leaf","early_to_late","perennial_higher",-0.201369945873436,0.75,FALSE,FALSE,FALSE,0,331
"anchor_319","HOG:0006661","Bradi1g29622.v3.2",8,"module_edge_jaccard",-0.0140265158080762,0.714285714285714,0.962990654205607,"anchor_module_mean_strength_ratio","annual_higher",0.171098580517357,0.75,"root","mean_activity","perennial_higher",-0.165575255172235,0.75,FALSE,FALSE,FALSE,0,332
"anchor_273","HOG:0006057","Bradi1g69880.v3.2",0,"matched_edge_mean_abs_log_threshold_distance",-0.000284228108693618,0.714285714285714,0.962990654205607,"internal_edge_density","perennial_higher",-0.0957987664509404,0.75,"leaf","mean_activity","perennial_higher",-0.0617779151075485,0.75,FALSE,FALSE,FALSE,0,333
"anchor_131","HOG:0012340","Bradi5g01410.v3.2",0,"module_edge_jaccard",-0.00789947102243893,0.742857142857143,0.962990654205607,"recurrent_coverage","mixed_or_tied",0.0706521739130435,0.5,"root","early_to_late","annual_higher",0.0308594175217497,0.75,FALSE,FALSE,FALSE,0,334
"anchor_243","HOG:0012390","Bradi1g28490.v3.2",0,"matched_edge_mean_abs_log_threshold_distance",-0.000568042332403753,0.742857142857143,0.962990654205607,"internal_edge_density","perennial_higher",-0.0293309631544926,0.75,"leaf","mean_activity","perennial_higher",-0.251469076493744,0.75,FALSE,FALSE,FALSE,0,335
"anchor_109","HOG:0011640","Bradi3g38670.v3.2",8,"neighborhood_jaccard",-0.0134463175716602,0.771428571428571,0.962990654205607,"anchor_module_mean_strength_ratio","perennial_higher",-0.0872134008144437,0.75,"leaf","early_to_late","perennial_higher",-0.0512874072558394,0.75,FALSE,FALSE,FALSE,0,336
