"anchor_id","anchor_hog","species1","species2","neighborhood_jaccard","n_matched_module_edges","n_informative_module_edges","n_shared_present_edges","module_edge_jaccard","matched_edge_correlation","matched_edge_mean_abs_log_threshold_distance","enough_edges_for_correlation"
"anchor_01","HOG:0020610","BDIS","BSYL",0.564245810055866,4950,4596,3030,0.659268929503916,0.23241889434507,0.0159286026761534,TRUE
"anchor_01","HOG:0020610","BDIS","HVUL",0.646739130434783,6786,6190,4323,0.698384491114701,0.258923067745926,0.0153920128485092,TRUE
"anchor_01","HOG:0020610","BDIS","HJUB",0.616504854368932,7381,6972,5412,0.776247848537005,0.366566387054652,0.0139528353983337,TRUE
"anchor_01","HOG:0020610","BDIS","BMAX",0.66120218579235,7140,6439,4614,0.716570896101879,0.361224901787421,0.0139455439510814,TRUE
"anchor_01","HOG:0020610","BDIS","BMED",0.603174603174603,6441,6073,4646,0.765025522805862,0.366285491530266,0.0145340921250463,TRUE
"anchor_01","HOG:0020610","BDIS","VBRO",0.655172413793103,6328,5870,4256,0.725042589437819,0.278375788123296,0.0152455131383647,TRUE
"anchor_01","HOG:0020610","BDIS","FPRA",0.635922330097087,7750,7291,5528,0.758195034974626,0.347362294138754,0.0150240158262929,TRUE
"anchor_01","HOG:0020610","BSYL","HVUL",0.558659217877095,4950,4425,2711,0.612655367231638,0.22043338158085,0.0147023384069947,TRUE
"anchor_01","HOG:0020610","BSYL","HJUB",0.537313432835821,5253,4988,3324,0.666399358460305,0.192905775729941,0.0155038547380295,TRUE
"anchor_01","HOG:0020610","BSYL","BMAX",0.521739130434783,4465,4056,2578,0.63560157790927,0.167857986004321,0.0153033024203981,TRUE
"anchor_01","HOG:0020610","BSYL","BMED",0.541436464088398,4656,4388,2900,0.660893345487694,0.237618791149114,0.0163606352450109,TRUE
"anchor_01","HOG:0020610","BSYL","VBRO",0.590361445783133,4656,4242,2710,0.638849599245639,0.235887717896477,0.0137779862812988,TRUE
"anchor_01","HOG:0020610","BSYL","FPRA",0.504807692307692,5253,4951,3171,0.640476671379519,0.196178256047928,0.017883336040563,TRUE
"anchor_01","HOG:0020610","HVUL","HJUB",0.619512195121951,7503,6989,4902,0.701387895263986,0.250736086590301,0.0151339012616699,TRUE
"anchor_01","HOG:0020610","HVUL","BMAX",0.692737430167598,7260,6403,4272,0.667187255973762,0.27646420887209,0.0145210116746128,TRUE
"anchor_01","HOG:0020610","HVUL","BMED",0.623655913978495,6328,5874,4052,0.689819543752128,0.314117085997267,0.014987024978615,TRUE
"anchor_01","HOG:0020610","HVUL","VBRO",0.64,6216,5549,3815,0.687511263290683,0.288488085443095,0.0139578393367528,TRUE
"anchor_01","HOG:0020610","HVUL","FPRA",0.631067961165049,7875,7268,4900,0.674188222344524,0.300111614096615,0.015662540434875,TRUE
"anchor_01","HOG:0020610","HJUB","BMAX",0.616504854368932,7875,7304,5227,0.715635268346112,0.306252571350566,0.0143139628572892,TRUE
"anchor_01","HOG:0020610","HJUB","BMED",0.588516746411483,7140,6725,5302,0.788401486988848,0.333976699676098,0.0140113012738444,TRUE
"anchor_01","HOG:0020610","HJUB","VBRO",0.61734693877551,7140,6659,4991,0.749511938729539,0.29455728417574,0.0144567183982184,TRUE
"anchor_01","HOG:0020610","HJUB","FPRA",0.612334801762115,8911,8330,6356,0.763025210084034,0.334956979038775,0.0144280822957367,TRUE
"anchor_01","HOG:0020610","BMAX","BMED",0.646739130434783,6670,6110,4403,0.720621931260229,0.345110437899382,0.0144743789475758,TRUE
"anchor_01","HOG:0020610","BMAX","VBRO",0.655172413793103,6441,5738,4121,0.718194492854653,0.30776421462792,0.0137982370513696,TRUE
"anchor_01","HOG:0020610","BMAX","FPRA",0.64390243902439,8128,7418,5204,0.701536802372607,0.327317026029933,0.015375074760725,TRUE
"anchor_01","HOG:0020610","BMED","VBRO",0.64,5995,5609,4186,0.746300588340168,0.362996974112536,0.0144151685010268,TRUE
"anchor_01","HOG:0020610","BMED","FPRA",0.639024390243902,7503,6913,5455,0.789093013163605,0.410659985677592,0.0138886686784364,TRUE
"anchor_01","HOG:0020610","VBRO","FPRA",0.621212121212121,7021,6486,4816,0.742522355843355,0.352075157480252,0.015750437045137,TRUE
"anchor_02","HOG:0020076","BDIS","BSYL",0.576271186440678,4851,4566,2982,0.653088042049934,0.212519459927403,0.016160939785052,TRUE
"anchor_02","HOG:0020076","BDIS","HVUL",0.653409090909091,6328,5829,4174,0.716074798421685,0.239123371423411,0.0154353327780034,TRUE
"anchor_02","HOG:0020076","BDIS","HJUB",0.648514851485149,7750,7215,5512,0.763963963963964,0.364364545743546,0.0139974064860902,TRUE
"anchor_02","HOG:0020076","BDIS","BMAX",0.630434782608696,6555,5965,4452,0.746353730092205,0.377329083332865,0.0137053413720768,TRUE
"anchor_02","HOG:0020076","BDIS","BMED",0.639784946236559,6903,6432,4834,0.751554726368159,0.357128068106169,0.0145987696694927,TRUE
"anchor_02","HOG:0020076","BDIS","VBRO",0.617486338797814,6216,5754,4190,0.728189085853319,0.270991513219773,0.0152743664930604,TRUE
"anchor_02","HOG:0020076","BDIS","FPRA",0.664948453608247,7626,7157,5509,0.769735922872712,0.351968498011238,0.0148959466141593,TRUE
"anchor_02","HOG:0020076","BSYL","HVUL",0.55688622754491,4278,3906,2439,0.624423963133641,0.23819852710008,0.0144317352781422,TRUE
"anchor_02","HOG:0020076","BSYL","HJUB",0.517587939698492,4950,4740,3160,0.666666666666667,0.188254949341828,0.0156062989141039,TRUE
"anchor_02","HOG:0020076","BSYL","BMAX",0.519774011299435,4186,3837,2435,0.634610372686995,0.17778373543885,0.0153838960342008,TRUE
"anchor_02","HOG:0020076","BSYL","BMED",0.53072625698324,4465,4219,2781,0.659160938611045,0.244255140605208,0.0164468349043785,TRUE
"anchor_02","HOG:0020076","BSYL","VBRO",0.549707602339181,4371,3947,2561,0.648847225741069,0.262855240368502,0.013554143833656,TRUE
"anchor_02","HOG:0020076","BSYL","FPRA",0.520833333333333,4851,4641,3025,0.651799181210946,0.216066957380184,0.0176555168159347,TRUE
"anchor_02","HOG:0020076","HVUL","HJUB",0.618556701030928,6786,6466,4721,0.730126817197649,0.241652365681091,0.0150998290835169,TRUE
"anchor_02","HOG:0020076","HVUL","BMAX",0.672619047619048,6105,5586,3923,0.702291442892947,0.262789775636377,0.0145999871315896,TRUE
"anchor_02","HOG:0020076","HVUL","BMED",0.682352941176471,5995,5696,4059,0.712605337078652,0.291258752667021,0.0150770381644991,TRUE
"anchor_02","HOG:0020076","HVUL","VBRO",0.629411764705882,5565,5155,3668,0.711542192046557,0.271709197210058,0.0140794352800084,TRUE
"anchor_02","HOG:0020076","HVUL","FPRA",0.591623036649215,6328,6113,4469,0.731064943562899,0.268401415662234,0.0158778449144889,TRUE
"anchor_02","HOG:0020076","HJUB","BMAX",0.631313131313131,7381,6878,5007,0.72797324803722,0.320823762632869,0.0141359989858523,TRUE
"anchor_02","HOG:0020076","HJUB","BMED",0.6318407960199,7626,7168,5497,0.766880580357143,0.322934393224946,0.014215233844355,TRUE
"anchor_02","HOG:0020076","HJUB","VBRO",0.619289340101523,6786,6391,4759,0.744640901267407,0.292647711920916,0.0145045272904267,TRUE
"anchor_02","HOG:0020076","HJUB","FPRA",0.632075471698113,8001,7708,6063,0.786585365853659,0.309210563218514,0.0147295208336707,TRUE
"anchor_02","HOG:0020076","BMAX","BMED",0.676136363636364,6670,6122,4445,0.726069911793532,0.342799263418093,0.0143879430475367,TRUE
"anchor_02","HOG:0020076","BMAX","VBRO",0.653179190751445,6216,5639,4020,0.712892356800851,0.314579240683356,0.013758205728238,TRUE
"anchor_02","HOG:0020076","BMAX","FPRA",0.664893617021277,7140,6746,4899,0.726208123332345,0.311042541873186,0.015505267253461,TRUE
"anchor_02","HOG:0020076","BMED","VBRO",0.64406779661017,6216,5747,4228,0.735688185140073,0.356471852514312,0.0143569672838174,TRUE
"anchor_02","HOG:0020076","BMED","FPRA",0.65625,7381,7002,5516,0.787774921451014,0.387461172761906,0.0141217693031935,TRUE
"anchor_02","HOG:0020076","VBRO","FPRA",0.661290322580645,6786,6291,4617,0.733905579399142,0.343699639992296,0.0160873430711831,TRUE
"anchor_03","HOG:0011532","BDIS","BSYL",0.58433734939759,4186,3987,2688,0.674191121143717,0.218775070322367,0.0160628881974812,TRUE
"anchor_03","HOG:0011532","BDIS","HVUL",0.55952380952381,4371,4157,3188,0.766899206158287,0.237212409892946,0.0155309537962274,TRUE
"anchor_03","HOG:0011532","BDIS","HJUB",0.635416666666667,6786,6389,5041,0.789012365002348,0.377434926354653,0.0138800283672722,TRUE
"anchor_03","HOG:0011532","BDIS","BMAX",0.551515151515152,4005,3832,3176,0.828810020876827,0.410893011925586,0.0131662816633665,TRUE
"anchor_03","HOG:0011532","BDIS","BMED",0.560606060606061,5886,5612,4302,0.766571632216679,0.350762287658334,0.0147103301841997,TRUE
"anchor_03","HOG:0011532","BDIS","VBRO",0.582352941176471,4753,4531,3562,0.786139924961377,0.275033250096824,0.015093565281144,TRUE
"anchor_03","HOG:0011532","BDIS","FPRA",0.636363636363636,6903,6536,5102,0.780599755201958,0.372303074897927,0.0146917300066671,TRUE
"anchor_03","HOG:0011532","BSYL","HVUL",0.562091503267974,3655,3369,2170,0.64410804392995,0.266615738242446,0.0145343480140869,TRUE
"anchor_03","HOG:0011532","BSYL","HJUB",0.53968253968254,4851,4607,3076,0.66767961797265,0.19102321071798,0.0155452855311872,TRUE
"anchor_03","HOG:0011532","BSYL","BMAX",0.522875816993464,3160,2991,2012,0.672684720829154,0.186686415730449,0.0155202301400198,TRUE
"anchor_03","HOG:0011532","BSYL","BMED",0.521276595744681,4656,4253,2738,0.64378086056901,0.240700598752961,0.0162776990114932,TRUE
"anchor_03","HOG:0011532","BSYL","VBRO",0.556962025316456,3828,3569,2386,0.668534603530401,0.239870336198938,0.0138232984599186,TRUE
"anchor_03","HOG:0011532","BSYL","FPRA",0.505,4950,4624,3008,0.650519031141868,0.220206960881742,0.0172638159218487,TRUE
"anchor_03","HOG:0011532","HVUL","HJUB",0.567567567567568,5460,5184,3815,0.735918209876543,0.266683845373649,0.0148797625946426,TRUE
"anchor_03","HOG:0011532","HVUL","BMAX",0.633802816901408,3916,3637,2819,0.775089359362112,0.284526862275846,0.0142397206005478,TRUE
"anchor_03","HOG:0011532","HVUL","BMED",0.601123595505618,5253,5009,3467,0.692154122579357,0.314980494208712,0.0149567267583815,TRUE
"anchor_03","HOG:0011532","HVUL","VBRO",0.622516556291391,4278,4099,2985,0.728226396682118,0.275720740750452,0.0142403271304155,TRUE
"anchor_03","HOG:0011532","HVUL","FPRA",0.595744680851064,5671,5425,3875,0.714285714285714,0.282349658201769,0.0158085746135536,TRUE
"anchor_03","HOG:0011532","HJUB","BMAX",0.551912568306011,5050,4794,3779,0.788277012932833,0.365341906571552,0.0134444765820251,TRUE
"anchor_03","HOG:0011532","HJUB","BMED",0.660098522167488,8256,7680,5636,0.733854166666667,0.346120131064756,0.0141004231073833,TRUE
"anchor_03","HOG:0011532","HJUB","VBRO",0.65,6555,6194,4691,0.757345818534065,0.308182657808987,0.0142633337656708,TRUE
"anchor_03","HOG:0011532","HJUB","FPRA",0.66824644549763,9180,8590,6484,0.754831199068685,0.325490955731796,0.0145427264333116,TRUE
"anchor_03","HOG:0011532","BMAX","BMED",0.567415730337079,4950,4594,3503,0.762516325642142,0.340090877732388,0.0142126568600048,TRUE
"anchor_03","HOG:0011532","BMAX","VBRO",0.614864864864865,4095,3883,2998,0.772083440638681,0.320664321521244,0.0136306120912925,TRUE
"anchor_03","HOG:0011532","BMAX","FPRA",0.563829787234043,5151,4855,3710,0.764160659114315,0.349648940666853,0.0149717853084524,TRUE
"anchor_03","HOG:0011532","BMED","VBRO",0.613259668508287,6105,5706,4118,0.721696459866807,0.340707944357753,0.0144697824186403,TRUE
"anchor_03","HOG:0011532","BMED","FPRA",0.668269230769231,8256,7579,5648,0.74521704710384,0.421477283295975,0.0138078089698698,TRUE
"anchor_03","HOG:0011532","VBRO","FPRA",0.607329842931937,6328,6051,4569,0.755081804660387,0.322318906811425,0.0159769529818006,TRUE
"anchor_04","HOG:0019394","BDIS","BSYL",0.588571428571429,4950,4639,3103,0.668894158223755,0.219890938770686,0.0159697536115299,TRUE
"anchor_04","HOG:0019394","BDIS","HVUL",0.672316384180791,6903,6264,4295,0.68566411238825,0.251649698074622,0.0154632970391724,TRUE
"anchor_04","HOG:0019394","BDIS","HJUB",0.623809523809524,8128,7532,5702,0.757036643653744,0.359089768818418,0.0140932276883202,TRUE
"anchor_04","HOG:0019394","BDIS","BMAX",0.661111111111111,6903,6267,4596,0.73336524652944,0.368060765878416,0.0138378944705604,TRUE
"anchor_04","HOG:0019394","BDIS","BMED",0.635416666666667,7021,6582,4958,0.753266484351261,0.341564518880543,0.0148284483727462,TRUE
"anchor_04","HOG:0019394","BDIS","VBRO",0.595375722543353,5253,4967,3800,0.765049325548621,0.273042665494029,0.0151296580315669,TRUE
"anchor_04","HOG:0019394","BDIS","FPRA",0.658415841584158,8001,7489,5679,0.75831219121378,0.367673488275229,0.0149141238368314,TRUE
"anchor_04","HOG:0019394","BSYL","HVUL",0.552941176470588,4371,3939,2496,0.633663366336634,0.234743250943592,0.0147004588059239,TRUE
"anchor_04","HOG:0019394","BSYL","HJUB",0.492753623188406,5050,4775,3250,0.680628272251309,0.193595609778675,0.0154977547710124,TRUE
"anchor_04","HOG:0019394","BSYL","BMAX",0.543352601156069,4371,4001,2587,0.646588352911772,0.163938829736188,0.0153359481567842,TRUE
"anchor_04","HOG:0019394","BSYL","BMED",0.524324324324324,4560,4297,2900,0.674889457761229,0.232061365364563,0.0164008504092648,TRUE
"anchor_04","HOG:0019394","BSYL","VBRO",0.534591194968553,3570,3324,2330,0.700962695547533,0.258126524739115,0.0135332833854329,TRUE
"anchor_04","HOG:0019394","BSYL","FPRA",0.507462686567164,4950,4704,3120,0.663265306122449,0.222769368044661,0.0178801341961659,TRUE
"anchor_04","HOG:0019394","HVUL","HJUB",0.618811881188119,7503,6916,4784,0.691729323308271,0.250928445316733,0.0150728877493136,TRUE
"anchor_04","HOG:0019394","HVUL","BMAX",0.696428571428571,6670,5975,4056,0.678828451882845,0.281108412823326,0.0144915136725712,TRUE
"anchor_04","HOG:0019394","HVUL","BMED",0.666666666666667,6670,6199,4210,0.679141797064043,0.290047426206571,0.0151689290003712,TRUE
"anchor_04","HOG:0019394","HVUL","VBRO",0.627329192546584,4950,4556,3300,0.7243195785777,0.320412035616171,0.0134123745003929,TRUE
"anchor_04","HOG:0019394","HVUL","FPRA",0.637755102040816,7503,6986,4755,0.680647008302319,0.304140198350457,0.0157385128524468,TRUE
"anchor_04","HOG:0019394","HJUB","BMAX",0.633663366336634,8128,7433,5251,0.706444235167496,0.323105893119041,0.0141406925079557,TRUE
"anchor_04","HOG:0019394","HJUB","BMED",0.627358490566038,8128,7609,5752,0.755946904980944,0.315956683060706,0.0142845767071141,TRUE
"anchor_04","HOG:0019394","HJUB","VBRO",0.574358974358974,5995,5736,4465,0.778417015341701,0.295447013557633,0.0143409027615149,TRUE
"anchor_04","HOG:0019394","HJUB","FPRA",0.656108597285068,9180,8485,6443,0.759340011785504,0.346341644171843,0.0144351198764497,TRUE
"anchor_04","HOG:0019394","BMAX","BMED",0.664835164835165,7021,6458,4623,0.715856302260762,0.31178365283148,0.0147183510183842,TRUE
"anchor_04","HOG:0019394","BMAX","VBRO",0.615853658536585,5050,4742,3645,0.7686630113876,0.312253331902334,0.0135912945723782,TRUE
"anchor_04","HOG:0019394","BMAX","FPRA",0.653061224489796,7750,7176,5113,0.712513935340022,0.327718608319889,0.0154278450628337,TRUE
"anchor_04","HOG:0019394","BMED","VBRO",0.609195402298851,5356,5043,3862,0.765813999603411,0.348575763691701,0.014190321650681,TRUE
"anchor_04","HOG:0019394","BMED","FPRA",0.661764705882353,8128,7561,5834,0.77159105938368,0.421480312658396,0.0138750469127582,TRUE
"anchor_04","HOG:0019394","VBRO","FPRA",0.567708333333333,5565,5265,4177,0.79335232668566,0.403106017754416,0.0150747550074526,TRUE
"anchor_05","HOG:0006205","BDIS","BSYL",0.538461538461538,3655,3463,2282,0.658966214265088,0.244345403671456,0.0160621511912906,TRUE
"anchor_05","HOG:0006205","BDIS","HVUL",0.549707602339181,4278,4051,3003,0.741298444828437,0.271809469371432,0.0151214272668241,TRUE
"anchor_05","HOG:0006205","BDIS","HJUB",0.54228855721393,5460,5288,4414,0.834720121028744,0.35654598210622,0.0139306385652051,TRUE
"anchor_05","HOG:0006205","BDIS","BMAX",0.579881656804734,4560,4308,3424,0.794800371402043,0.390373527485137,0.0135214442796826,TRUE
"anchor_05","HOG:0006205","BDIS","BMED",0.535135135135135,4753,4515,3623,0.802436323366556,0.358927221864679,0.0144413961137289,TRUE
"anchor_05","HOG:0006205","BDIS","VBRO",0.614035087719298,5050,4748,3525,0.742417860151643,0.298127186682817,0.0152412695750167,TRUE
"anchor_05","HOG:0006205","BDIS","FPRA",0.547738693467337,5460,5257,4358,0.828989918204299,0.390019345689765,0.0143451833304903,TRUE
"anchor_05","HOG:0006205","BSYL","HVUL",0.505813953488372,3655,3261,1899,0.582336706531739,0.257702452082197,0.0146090892576322,TRUE
"anchor_05","HOG:0006205","BSYL","HJUB",0.512437810945274,4950,4684,3032,0.64730999146029,0.190981651917516,0.0153853557653816,TRUE
"anchor_05","HOG:0006205","BSYL","BMAX",0.482954545454545,3486,3262,1997,0.612201103617413,0.196453086156184,0.0155663746024017,TRUE
"anchor_05","HOG:0006205","BSYL","BMED",0.553072625698324,4371,4044,2543,0.628832838773492,0.23025325628452,0.0162831099241973,TRUE
"anchor_05","HOG:0006205","BSYL","VBRO",0.525423728813559,4278,3867,2394,0.619084561675718,0.25585081786029,0.0135596248567415,TRUE
"anchor_05","HOG:0006205","BSYL","FPRA",0.480392156862745,4560,4297,2762,0.642774028391901,0.227414400305288,0.0170598226210515,TRUE
"anchor_05","HOG:0006205","HVUL","HJUB",0.576530612244898,6216,5851,4056,0.693214835070928,0.261951026027114,0.0149337831787956,TRUE
"anchor_05","HOG:0006205","HVUL","BMAX",0.602409638554217,4656,4240,2981,0.703066037735849,0.297414684755383,0.0143280873288754,TRUE
"anchor_05","HOG:0006205","HVUL","BMED",0.626436781609195,5151,4822,3304,0.685192866030693,0.325058411508201,0.0149454038277707,TRUE
"anchor_05","HOG:0006205","HVUL","VBRO",0.627218934911243,5460,4981,3249,0.652278658903835,0.295315758724203,0.0140557232025802,TRUE
"anchor_05","HOG:0006205","HVUL","FPRA",0.598958333333333,5995,5698,3967,0.696209196209196,0.2875052369533,0.0157031004752793,TRUE
"anchor_05","HOG:0006205","HJUB","BMAX",0.578680203045685,6105,5775,4352,0.753593073593074,0.347574157583724,0.0137992568827985,TRUE
"anchor_05","HOG:0006205","HJUB","BMED",0.6318407960199,7381,6972,5300,0.760183591508893,0.329785619176469,0.0142329570077156,TRUE
"anchor_05","HOG:0006205","HJUB","VBRO",0.649484536082474,7503,6956,5030,0.723116733755032,0.317841038571285,0.0141339674804502,TRUE
"anchor_05","HOG:0006205","HJUB","FPRA",0.62962962962963,7750,7450,6007,0.806308724832215,0.326029422641082,0.0145563862903817,TRUE
"anchor_05","HOG:0006205","BMAX","BMED",0.574585635359116,5253,4859,3652,0.751594978390615,0.368471431855647,0.0140245787216413,TRUE
"anchor_05","HOG:0006205","BMAX","VBRO",0.629411764705882,5671,5101,3653,0.716134091354636,0.33254296317273,0.0136397410729031,TRUE
"anchor_05","HOG:0006205","BMAX","FPRA",0.592783505154639,5886,5529,4163,0.752939048652559,0.346599508562947,0.0150665275007069,TRUE
"anchor_05","HOG:0006205","BMED","VBRO",0.642458100558659,6441,5832,4151,0.71176268861454,0.354944137177813,0.0143778335650763,TRUE
"anchor_05","HOG:0006205","BMED","FPRA",0.663265306122449,7021,6514,5062,0.777095486644151,0.427436440260473,0.0137328751644464,TRUE
"anchor_05","HOG:0006205","VBRO","FPRA",0.647668393782383,7021,6551,4775,0.72889635170203,0.354067929905803,0.0156833382176575,TRUE
"anchor_06","HOG:0028766","BDIS","BSYL",0.598837209302326,4753,4477,2909,0.649765467947286,0.212935741340716,0.0160449946730077,TRUE
"anchor_06","HOG:0028766","BDIS","HVUL",0.641176470588235,5565,5187,3799,0.732407942934259,0.257840746468464,0.0152756319758219,TRUE
"anchor_06","HOG:0028766","BDIS","HJUB",0.578947368421053,6670,6351,5155,0.811683199496142,0.350226564635209,0.0140242448393891,TRUE
"anchor_06","HOG:0028766","BDIS","BMAX",0.687861271676301,6786,6190,4556,0.736025848142165,0.349647691424061,0.0141220892836795,TRUE
"anchor_06","HOG:0028766","BDIS","BMED",0.596858638743455,6328,5927,4645,0.783701704066138,0.359959798271452,0.0145023547557718,TRUE
"anchor_06","HOG:0028766","BDIS","VBRO",0.589595375722543,4950,4628,3629,0.784140017286085,0.318802453269599,0.0146624961072243,TRUE
"anchor_06","HOG:0028766","BDIS","FPRA",0.623115577889447,7381,6908,5381,0.778951939779965,0.366086683081098,0.0147005886569422,TRUE
"anchor_06","HOG:0028766","BSYL","HVUL",0.517647058823529,3655,3405,2219,0.651688693098385,0.261857134992872,0.0144080066942829,TRUE
"anchor_06","HOG:0028766","BSYL","HJUB",0.545,5151,4873,3160,0.648471167658527,0.185188566901694,0.0156831681732251,TRUE
"anchor_06","HOG:0028766","BSYL","BMAX",0.548571428571429,4560,4105,2472,0.602192448233861,0.189663037199391,0.0152942869264137,TRUE
"anchor_06","HOG:0028766","BSYL","BMED",0.526881720430108,4656,4354,2803,0.6437758383096,0.24794461609295,0.0164401931254975,TRUE
"anchor_06","HOG:0028766","BSYL","VBRO",0.539393939393939,3828,3527,2299,0.651828749645591,0.273063571624498,0.0134015165728223,TRUE
"anchor_06","HOG:0028766","BSYL","FPRA",0.51,4950,4688,2992,0.638225255972696,0.205711381032104,0.017561009400031,TRUE
"anchor_06","HOG:0028766","HVUL","HJUB",0.580808080808081,6105,5778,4243,0.734337140879197,0.266402847941643,0.0149119351128417,TRUE
"anchor_06","HOG:0028766","HVUL","BMAX",0.697530864197531,6216,5561,3783,0.680273332134508,0.286380288364108,0.0144816460270815,TRUE
"anchor_06","HOG:0028766","HVUL","BMED",0.627118644067797,5778,5455,3875,0.710357470210816,0.299513234422455,0.0149493845162915,TRUE
"anchor_06","HOG:0028766","HVUL","VBRO",0.60248447204969,4656,4357,3197,0.733761762680744,0.311590744375576,0.0136104745813017,TRUE
"anchor_06","HOG:0028766","HVUL","FPRA",0.610526315789474,6670,6396,4454,0.696372732958099,0.265852910720362,0.0159390230330736,TRUE
"anchor_06","HOG:0028766","HJUB","BMAX",0.598039215686274,6903,6423,4742,0.73828429082983,0.29994217347359,0.0143273360410139,TRUE
"anchor_06","HOG:0028766","HJUB","BMED",0.614285714285714,7503,7071,5514,0.779804836656767,0.333114875580679,0.0140521705813084,TRUE
"anchor_06","HOG:0028766","HJUB","VBRO",0.617801047120419,6441,6067,4648,0.766111752101533,0.308260288620936,0.0142139713042873,TRUE
"anchor_06","HOG:0028766","HJUB","FPRA",0.622727272727273,8385,7979,6108,0.765509462338639,0.302623378840073,0.0146849914024838,TRUE
"anchor_06","HOG:0028766","BMAX","BMED",0.691011235955056,6670,6098,4415,0.724007871433257,0.335822891749357,0.0144571452611611,TRUE
"anchor_06","HOG:0028766","BMAX","VBRO",0.622754491017964,5356,4870,3653,0.750102669404517,0.340642439578637,0.0134445014830499,TRUE
"anchor_06","HOG:0028766","BMAX","FPRA",0.678947368421053,7503,6986,4948,0.708273690237618,0.302351793357138,0.0156642128823008,TRUE
"anchor_06","HOG:0028766","BMED","VBRO",0.641618497109827,5778,5373,4038,0.751535455053043,0.375425900341144,0.014112948461994,TRUE
"anchor_06","HOG:0028766","BMED","FPRA",0.668341708542714,7875,7352,5756,0.782916213275299,0.396847630486263,0.0140103472644723,TRUE
"anchor_06","HOG:0028766","VBRO","FPRA",0.606382978723404,6216,5802,4438,0.7649086521889,0.359430586986805,0.0156422831185098,TRUE
"anchor_07","HOG:0011862","BDIS","BSYL",0.521505376344086,4371,3996,2762,0.691191191191191,0.254887530117314,0.0155359118957457,TRUE
"anchor_07","HOG:0011862","BDIS","HVUL",0.596858638743455,6216,5652,4156,0.735314932767162,0.243364010416632,0.0153683297117081,TRUE
"anchor_07","HOG:0011862","BDIS","HJUB",0.649289099526066,8256,7657,5744,0.750163249314353,0.357856975083944,0.0141070480231102,TRUE
"anchor_07","HOG:0011862","BDIS","BMAX",0.602209944751381,5778,5325,4095,0.769014084507042,0.382505654824105,0.0136198381300909,TRUE
"anchor_07","HOG:0011862","BDIS","BMED",0.610526315789474,6441,6040,4610,0.763245033112583,0.365298297606791,0.0145297836742484,TRUE
"anchor_07","HOG:0011862","BDIS","VBRO",0.634408602150538,6786,6208,4376,0.704896907216495,0.276234684318269,0.0151914959381858,TRUE
"anchor_07","HOG:0011862","BDIS","FPRA",0.665071770334928,8515,7923,5852,0.738609112709832,0.343083397987578,0.0151192199634709,TRUE
"anchor_07","HOG:0011862","BSYL","HVUL",0.502958579881657,3321,3085,2169,0.703079416531605,0.224976896958114,0.0145240443811168,TRUE
"anchor_07","HOG:0011862","BSYL","HJUB",0.47029702970297,4095,3838,2758,0.718603439291298,0.225751588285822,0.0154117421215955,TRUE
"anchor_07","HOG:0011862","BSYL","BMAX",0.475308641975309,2926,2723,1976,0.725670216672787,0.222292506399134,0.0150659821883998,TRUE
"anchor_07","HOG:0011862","BSYL","BMED",0.482558139534884,3321,3172,2338,0.737074401008827,0.262345464305885,0.0162680345083593,TRUE
"anchor_07","HOG:0011862","BSYL","VBRO",0.505952380952381,3570,3296,2323,0.704793689320388,0.275705376202453,0.0132699425898729,TRUE
"anchor_07","HOG:0011862","BSYL","FPRA",0.463054187192118,4186,3970,2715,0.683879093198992,0.210556574072398,0.0179810874245048,TRUE
"anchor_07","HOG:0011862","HVUL","HJUB",0.571428571428571,5995,5654,4366,0.77219667492041,0.256112914475899,0.0148046601291164,TRUE
"anchor_07","HOG:0011862","HVUL","BMAX",0.581818181818182,4560,4322,3353,0.775798241554836,0.296403126217254,0.0141672301897473,TRUE
"anchor_07","HOG:0011862","HVUL","BMED",0.573863636363636,4656,4420,3400,0.769230769230769,0.334153331497641,0.0144982217611187,TRUE
"anchor_07","HOG:0011862","HVUL","VBRO",0.598837209302326,5253,4803,3544,0.737872163231314,0.285728775715269,0.0138954664220785,TRUE
"anchor_07","HOG:0011862","HVUL","FPRA",0.563725490196078,5995,5650,4253,0.752743362831858,0.307688430831344,0.0153672145339005,TRUE
"anchor_07","HOG:0011862","HJUB","BMAX",0.583333333333333,6105,5743,4454,0.775552846944106,0.328514942596609,0.0138756590119777,TRUE
"anchor_07","HOG:0011862","HJUB","BMED",0.592039800995025,6670,6270,5004,0.798086124401914,0.339212759545714,0.0139205666517795,TRUE
"anchor_07","HOG:0011862","HJUB","VBRO",0.639175257731959,7381,6848,4966,0.72517523364486,0.299752684503742,0.0144834846432045,TRUE
"anchor_07","HOG:0011862","HJUB","FPRA",0.65296803652968,9180,8570,6382,0.744690781796966,0.319244406323633,0.0146589977244876,TRUE
"anchor_07","HOG:0011862","BMAX","BMED",0.597560975609756,4753,4483,3500,0.780727191612759,0.353254806054866,0.0142146916014179,TRUE
"anchor_07","HOG:0011862","BMAX","VBRO",0.635220125786163,5050,4636,3489,0.752588438308887,0.325830339964292,0.0137383606504616,TRUE
"anchor_07","HOG:0011862","BMAX","FPRA",0.608465608465608,6328,5939,4446,0.748610877252063,0.330083983186409,0.0151469981590358,TRUE
"anchor_07","HOG:0011862","BMED","VBRO",0.633136094674556,5565,5226,3986,0.762724837351703,0.377496479987367,0.0143759830010234,TRUE
"anchor_07","HOG:0011862","BMED","FPRA",0.63265306122449,6786,6354,5066,0.797293043751967,0.417923769545911,0.0137452865658438,TRUE
"anchor_07","HOG:0011862","VBRO","FPRA",0.647668393782383,7140,6538,4711,0.720556745182013,0.344889008963446,0.0159476193601852,TRUE
"anchor_08","HOG:0006123","BDIS","BSYL",0.505813953488372,3486,3343,2505,0.749326951839665,0.229362727936087,0.0157313628347102,TRUE
"anchor_08","HOG:0006123","BDIS","HVUL",0.627118644067797,5886,5526,4109,0.743575823380384,0.230912957778732,0.0154161188088374,TRUE
"anchor_08","HOG:0006123","BDIS","HJUB",0.648514851485149,7875,7352,5665,0.770538628944505,0.339763357935649,0.0142424561033532,TRUE
"anchor_08","HOG:0006123","BDIS","BMAX",0.644444444444444,6555,5873,4341,0.739145240933084,0.391869314187092,0.0135588524057579,TRUE
"anchor_08","HOG:0006123","BDIS","BMED",0.630208333333333,7140,6611,4913,0.743155347148692,0.341857875933778,0.0147479266299811,TRUE
"anchor_08","HOG:0006123","BDIS","VBRO",0.687861271676301,6670,6087,4375,0.718744866108099,0.280723176581007,0.0151052813349625,TRUE
"anchor_08","HOG:0006123","BDIS","FPRA",0.635467980295567,7626,7077,5494,0.77631764872121,0.372292727393953,0.0147611113767661,TRUE
"anchor_08","HOG:0006123","BSYL","HVUL",0.50314465408805,3003,2888,2135,0.739265927977839,0.225067146766347,0.014451832553022,TRUE
"anchor_08","HOG:0006123","BSYL","HJUB",0.456410256410256,3741,3599,2706,0.75187552097805,0.206527921983456,0.0153951227846547,TRUE
"anchor_08","HOG:0006123","BSYL","BMAX",0.50609756097561,3321,3126,2185,0.698976327575176,0.174734551971563,0.0152471364243994,TRUE
"anchor_08","HOG:0006123","BSYL","BMED",0.450549450549451,3240,3083,2291,0.743107362958158,0.254147056956992,0.0161418026790716,TRUE
"anchor_08","HOG:0006123","BSYL","VBRO",0.528301886792453,3486,3265,2339,0.716385911179173,0.264824670737941,0.0133596219647467,TRUE
"anchor_08","HOG:0006123","BSYL","FPRA",0.443877551020408,3486,3375,2515,0.745185185185185,0.21688812551592,0.017940460443123,TRUE
"anchor_08","HOG:0006123","HVUL","HJUB",0.596938775510204,6441,6114,4616,0.754988550866863,0.25930495919156,0.014863069336681,TRUE
"anchor_08","HOG:0006123","HVUL","BMAX",0.642857142857143,5671,5175,3798,0.733913043478261,0.284580060431657,0.0143068693400359,TRUE
"anchor_08","HOG:0006123","HVUL","BMED",0.60989010989011,5565,5290,3860,0.729678638941399,0.294510239872134,0.0149125862441874,TRUE
"anchor_08","HOG:0006123","HVUL","VBRO",0.609467455621302,5253,4904,3611,0.736337683523654,0.264201536148344,0.0141304170202696,TRUE
"anchor_08","HOG:0006123","HVUL","FPRA",0.583756345177665,5995,5623,4302,0.765072025609105,0.31840283708145,0.0152630881952493,TRUE
"anchor_08","HOG:0006123","HJUB","BMAX",0.637755102040816,7503,6952,4983,0.716772151898734,0.331411339634526,0.01403030298139,TRUE
"anchor_08","HOG:0006123","HJUB","BMED",0.665024630541872,8001,7446,5620,0.754767660488853,0.315742674746711,0.0143204926232178,TRUE
"anchor_08","HOG:0006123","HJUB","VBRO",0.642487046632124,7260,6825,5034,0.737582417582418,0.300729434062366,0.0144092298210856,TRUE
"anchor_08","HOG:0006123","HJUB","FPRA",0.645161290322581,8911,8368,6461,0.772108030592734,0.332547568633021,0.014528892182353,TRUE
"anchor_08","HOG:0006123","BMAX","BMED",0.644808743169399,6328,5865,4316,0.735890878090367,0.309146141723362,0.0147028951728815,TRUE
"anchor_08","HOG:0006123","BMAX","VBRO",0.686746987951807,6328,5685,4038,0.710290237467018,0.31255445658943,0.0138032820928594,TRUE
"anchor_08","HOG:0006123","BMAX","FPRA",0.658031088082902,7260,6784,4823,0.7109375,0.337634800404134,0.0153472655071407,TRUE
"anchor_08","HOG:0006123","BMED","VBRO",0.622950819672131,6328,5890,4358,0.739898132427844,0.320137958329854,0.0146359373482088,TRUE
"anchor_08","HOG:0006123","BMED","FPRA",0.668316831683168,7750,7254,5600,0.771987868762062,0.406929813698249,0.0139959664586675,TRUE
"anchor_08","HOG:0006123","VBRO","FPRA",0.654450261780105,7021,6576,4855,0.738290754257908,0.342488998937174,0.0159629274028301,TRUE
"anchor_09","HOG:0029484","BDIS","BSYL",0.558139534883721,4095,3881,2652,0.683329038907498,0.231008760090585,0.0162583937173454,TRUE
"anchor_09","HOG:0029484","BDIS","HVUL",0.634285714285714,5886,5376,3810,0.708705357142857,0.301653828782693,0.0150218800578486,TRUE
"anchor_09","HOG:0029484","BDIS","HJUB",0.586734693877551,5886,5597,4428,0.791138109701626,0.388068938838098,0.013660304218958,TRUE
"anchor_09","HOG:0029484","BDIS","BMAX",0.625,5778,5332,3972,0.744936234058515,0.383171267191916,0.0138169516735249,TRUE
"anchor_09","HOG:0029484","BDIS","BMED",0.582352941176471,4753,4557,3678,0.807109940750494,0.386436478327001,0.0142385180075766,TRUE
"anchor_09","HOG:0029484","BDIS","VBRO",0.571428571428571,4465,4232,3163,0.747400756143667,0.312129152835768,0.0150467915893328,TRUE
"anchor_09","HOG:0029484","BDIS","FPRA",0.595121951219512,6441,6105,4805,0.787059787059787,0.386064440164951,0.0145617523339694,TRUE
"anchor_09","HOG:0029484","BSYL","HVUL",0.545454545454545,4278,3895,2461,0.63183568677792,0.22757878509466,0.014788040487301,TRUE
"anchor_09","HOG:0029484","BSYL","HJUB",0.50761421319797,4278,4114,2759,0.670636849781235,0.20290773140621,0.0158759858025954,TRUE
"anchor_09","HOG:0029484","BSYL","BMAX",0.486338797814208,3828,3489,2278,0.652909143020923,0.1906134537809,0.0154202541927688,TRUE
"anchor_09","HOG:0029484","BSYL","BMED",0.46551724137931,3160,3049,2226,0.730075434568711,0.253928044677575,0.0169528419901188,TRUE
"anchor_09","HOG:0029484","BSYL","VBRO",0.497005988023952,3240,3006,2065,0.686959414504325,0.279005719742642,0.01343424995654,TRUE
"anchor_09","HOG:0029484","BSYL","FPRA",0.476415094339623,4465,4250,2768,0.651294117647059,0.226251140714889,0.0180770009793555,TRUE
"anchor_09","HOG:0029484","HVUL","HJUB",0.590909090909091,6105,5741,4227,0.736282877547466,0.242223553496782,0.0151735809156928,TRUE
"anchor_09","HOG:0029484","HVUL","BMAX",0.638418079096045,5886,5327,3748,0.703585507790501,0.267320537113517,0.0145997373834719,TRUE
"anchor_09","HOG:0029484","HVUL","BMED",0.56,4278,4098,3022,0.73743289409468,0.307229249497471,0.0153123739856293,TRUE
"anchor_09","HOG:0029484","HVUL","VBRO",0.549132947976879,4465,4135,2999,0.725272067714631,0.312797557805792,0.0135253956594304,TRUE
"anchor_09","HOG:0029484","HVUL","FPRA",0.614634146341463,6670,6166,4218,0.684073953940967,0.318357925668067,0.0156870462836975,TRUE
"anchor_09","HOG:0029484","HJUB","BMAX",0.598984771573604,6670,6159,4560,0.740379931807112,0.301940513061865,0.0142680088718848,TRUE
"anchor_09","HOG:0029484","HJUB","BMED",0.528205128205128,4851,4708,3999,0.849405267629567,0.327345241866291,0.0139335257592333,TRUE
"anchor_09","HOG:0029484","HJUB","VBRO",0.592391304347826,5565,5171,3864,0.747244246760781,0.333447782904572,0.0139999512400977,TRUE
"anchor_09","HOG:0029484","HJUB","FPRA",0.589285714285714,7140,6562,5193,0.791374580920451,0.360964620827444,0.0142433630476493,TRUE
"anchor_09","HOG:0029484","BMAX","BMED",0.596491228070175,4753,4480,3327,0.742633928571429,0.331588017631758,0.0145817056217554,TRUE
"anchor_09","HOG:0029484","BMAX","VBRO",0.654320987654321,5356,4731,3343,0.706615937433946,0.33239054182412,0.0136535877582092,TRUE
"anchor_09","HOG:0029484","BMAX","FPRA",0.599033816425121,6670,6101,4471,0.732830683494509,0.371326979168871,0.0149368674536095,TRUE
"anchor_09","HOG:0029484","BMED","VBRO",0.56875,3916,3689,2943,0.797777175386284,0.404201432917238,0.0138491789498457,TRUE
"anchor_09","HOG:0029484","BMED","FPRA",0.53921568627451,4950,4713,3972,0.842775302355188,0.451702218457196,0.0131825039935968,TRUE
"anchor_09","HOG:0029484","VBRO","FPRA",0.52970297029703,5356,4876,3626,0.743642329778507,0.436517889658898,0.0149578140618648,TRUE
"anchor_10","HOG:0023085","BDIS","BSYL",0.508771929824561,3321,3219,2419,0.751475613544579,0.216463038546928,0.0158232039691915,TRUE
"anchor_10","HOG:0023085","BDIS","HVUL",0.581920903954802,5151,4874,3835,0.786828067295856,0.224691978490858,0.0153627067904606,TRUE
"anchor_10","HOG:0023085","BDIS","HJUB",0.635,7381,6997,5461,0.780477347434615,0.347458791284303,0.0141472016614824,TRUE
"anchor_10","HOG:0023085","BDIS","BMAX",0.64327485380117,5778,5240,4067,0.776145038167939,0.40060891524057,0.0133950186273817,TRUE
"anchor_10","HOG:0023085","BDIS","BMED",0.617021276595745,6441,6067,4741,0.781440580187902,0.349780578403009,0.0146179697517374,TRUE
"anchor_10","HOG:0023085","BDIS","VBRO",0.676470588235294,6328,5865,4309,0.734697357203751,0.276215771943416,0.0151049081157401,TRUE
"anchor_10","HOG:0023085","BDIS","FPRA",0.626865671641791,7140,6734,5358,0.795663795663796,0.366343082075882,0.0148137911754857,TRUE
"anchor_10","HOG:0023085","BSYL","HVUL",0.503184713375796,2850,2753,2055,0.746458409008354,0.215191023951736,0.0144770789147054,TRUE
"anchor_10","HOG:0023085","BSYL","HJUB",0.473958333333333,3655,3524,2643,0.75,0.201848173214094,0.0153450648047994,TRUE
"anchor_10","HOG:0023085","BSYL","BMAX",0.5,3003,2879,2065,0.71726293852032,0.164060301910219,0.0154080042365388,TRUE
"anchor_10","HOG:0023085","BSYL","BMED",0.485714285714286,3486,3286,2389,0.727023737066342,0.261066433025909,0.016052216288549,TRUE
"anchor_10","HOG:0023085","BSYL","VBRO",0.535031847133758,3486,3255,2338,0.718279569892473,0.250989075061371,0.0134581871839175,TRUE
"anchor_10","HOG:0023085","BSYL","FPRA",0.429292929292929,3403,3329,2502,0.751577050165215,0.196439483147575,0.0180391204632443,TRUE
"anchor_10","HOG:0023085","HVUL","HJUB",0.580310880829015,5671,5492,4329,0.78823743627094,0.244806846410245,0.0148582177303589,TRUE
"anchor_10","HOG:0023085","HVUL","BMAX",0.598765432098765,4560,4289,3362,0.783865702961063,0.285138207363072,0.0141185020549959,TRUE
"anchor_10","HOG:0023085","HVUL","BMED",0.575418994413408,4950,4778,3667,0.76747593135203,0.307119918226458,0.0147563393755247,TRUE
"anchor_10","HOG:0023085","HVUL","VBRO",0.623456790123457,4950,4659,3490,0.749087787078772,0.261585805391562,0.0141268578220945,TRUE
"anchor_10","HOG:0023085","HVUL","FPRA",0.54040404040404,5253,5071,4041,0.796884243738908,0.302938078289011,0.0153558649844235,TRUE
"anchor_10","HOG:0023085","HJUB","BMAX",0.619047619047619,6670,6246,4659,0.745917387127762,0.334283997648085,0.0139331504422446,TRUE
"anchor_10","HOG:0023085","HJUB","BMED",0.628712871287129,7503,7095,5467,0.770542635658915,0.315940357726334,0.0142696325951461,TRUE
"anchor_10","HOG:0023085","HJUB","VBRO",0.648936170212766,6786,6480,4890,0.75462962962963,0.298458544213449,0.0144599629879636,TRUE
"anchor_10","HOG:0023085","HJUB","FPRA",0.607305936073059,8001,7664,6115,0.797886221294363,0.327237316863155,0.0144712763344082,TRUE
"anchor_10","HOG:0023085","BMAX","BMED",0.635838150289017,5886,5519,4196,0.760282659902156,0.308608037581223,0.0146458890121739,TRUE
"anchor_10","HOG:0023085","BMAX","VBRO",0.681528662420382,5671,5197,3808,0.73273042139696,0.315632374473867,0.0137679597985794,TRUE
"anchor_10","HOG:0023085","BMAX","FPRA",0.636363636363636,6441,6087,4503,0.739773287333662,0.319022990421833,0.0154739769693914,TRUE
"anchor_10","HOG:0023085","BMED","VBRO",0.658959537572254,6216,5857,4333,0.739798531671504,0.320442308812459,0.014677297713046,TRUE
"anchor_10","HOG:0023085","BMED","FPRA",0.63681592039801,7260,6880,5444,0.791279069767442,0.406049660063653,0.0139451377758358,TRUE
"anchor_10","HOG:0023085","VBRO","FPRA",0.657754010695187,6670,6326,4829,0.763357571925387,0.335982640136706,0.0159339359565847,TRUE
"anchor_11","HOG:0026770","BDIS","BSYL",0.51685393258427,4005,3769,2662,0.70628814009021,0.231369087605701,0.015750689908092,TRUE
"anchor_11","HOG:0026770","BDIS","HVUL",0.58659217877095,5460,5220,3956,0.757854406130268,0.231592347903873,0.0154004904863518,TRUE
"anchor_11","HOG:0026770","BDIS","HJUB",0.64,7503,7065,5518,0.781033262561925,0.354437726774567,0.0140879267942635,TRUE
"anchor_11","HOG:0026770","BDIS","BMAX",0.610169491525424,5460,5091,3964,0.77862895305441,0.388372380189629,0.0135647451219501,TRUE
"anchor_11","HOG:0026770","BDIS","BMED",0.618556701030928,6786,6348,4823,0.759766855702584,0.352672820234495,0.0146607438907897,TRUE
"anchor_11","HOG:0026770","BDIS","VBRO",0.621468926553672,5886,5477,4026,0.735073945590652,0.276338528314971,0.0151711544753501,TRUE
"anchor_11","HOG:0026770","BDIS","FPRA",0.689473684210526,7750,7288,5592,0.76728869374314,0.358062454086714,0.0149473091227876,TRUE
"anchor_11","HOG:0026770","BSYL","HVUL",0.506172839506173,3081,2955,2118,0.716751269035533,0.223967051392379,0.0145801066411895,TRUE
"anchor_11","HOG:0026770","BSYL","HJUB",0.492227979274611,4005,3852,2800,0.726895119418484,0.206784798820451,0.0154610249469973,TRUE
"anchor_11","HOG:0026770","BSYL","BMAX",0.49390243902439,3160,2990,2103,0.703344481605351,0.18921574559888,0.0153291263342787,TRUE
"anchor_11","HOG:0026770","BSYL","BMED",0.457446808510638,3570,3394,2435,0.717442545668827,0.216826833393886,0.0165344061327957,TRUE
"anchor_11","HOG:0026770","BSYL","VBRO",0.479041916167665,3160,3026,2241,0.74058162590879,0.249762567570364,0.0135109467165473,TRUE
"anchor_11","HOG:0026770","BSYL","FPRA",0.478947368421053,4005,3839,2679,0.697837978640271,0.217434788302427,0.0179050860821165,TRUE
"anchor_11","HOG:0026770","HVUL","HJUB",0.564766839378238,5460,5272,4249,0.805955993930197,0.250291084564714,0.0147713069275796,TRUE
"anchor_11","HOG:0026770","HVUL","BMAX",0.598765432098765,4465,4262,3332,0.781792585640544,0.290108251609947,0.0141619756264537,TRUE
"anchor_11","HOG:0026770","HVUL","BMED",0.540106951871658,4753,4598,3583,0.779251848629839,0.31863770052021,0.0146066751031805,TRUE
"anchor_11","HOG:0026770","HVUL","VBRO",0.581818181818182,4465,4231,3248,0.767667218151737,0.289944037955574,0.0137166015754999,TRUE
"anchor_11","HOG:0026770","HVUL","FPRA",0.560846560846561,5356,5071,4021,0.792940248471702,0.317865363301216,0.0152291874085928,TRUE
"anchor_11","HOG:0026770","HJUB","BMAX",0.569948186528497,5778,5517,4294,0.778321551567881,0.334674875657659,0.0138342448742023,TRUE
"anchor_11","HOG:0026770","HJUB","BMED",0.619512195121951,7503,7165,5492,0.766503838101884,0.318938625608198,0.0142631053966534,TRUE
"anchor_11","HOG:0026770","HJUB","VBRO",0.613756613756614,6328,6055,4629,0.7644921552436,0.286439480678728,0.0145024361681192,TRUE
"anchor_11","HOG:0026770","HJUB","FPRA",0.629807692307692,8128,7758,6135,0.790796597061098,0.330964666662872,0.0145129516567492,TRUE
"anchor_11","HOG:0026770","BMAX","BMED",0.605555555555556,5671,5293,3961,0.748346873228793,0.323763694475837,0.0145136319485306,TRUE
"anchor_11","HOG:0026770","BMAX","VBRO",0.587878787878788,4656,4294,3321,0.773404750815091,0.355275327627773,0.0133069215208214,TRUE
"anchor_11","HOG:0026770","BMAX","FPRA",0.626373626373626,5778,5498,4208,0.76536922517279,0.325925916480918,0.0153994128450024,TRUE
"anchor_11","HOG:0026770","BMED","VBRO",0.64406779661017,5995,5551,4107,0.739866690686363,0.348128008086832,0.0143749451608323,TRUE
"anchor_11","HOG:0026770","BMED","FPRA",0.692708333333333,7260,6846,5425,0.792433537832311,0.413463585002737,0.0139380104321028,TRUE
"anchor_11","HOG:0026770","VBRO","FPRA",0.637362637362637,6105,5681,4401,0.774687555007921,0.388983685545696,0.0154709589765433,TRUE
"anchor_12","HOG:0012056","BDIS","BSYL",0.488636363636364,3240,3092,2285,0.739003880983182,0.237393691533777,0.0156987885434484,TRUE
"anchor_12","HOG:0012056","BDIS","HVUL",0.543956043956044,4753,4595,3691,0.803264417845484,0.23060151118313,0.0152469030134953,TRUE
"anchor_12","HOG:0012056","BDIS","HJUB",0.629268292682927,7381,6930,5448,0.786147186147186,0.352583743076965,0.014059106834108,TRUE
"anchor_12","HOG:0012056","BDIS","BMAX",0.587912087912088,5356,4950,3782,0.764040404040404,0.381206742069191,0.0135266968456694,TRUE
"anchor_12","HOG:0012056","BDIS","BMED",0.585106382978723,5671,5419,4386,0.809374423325337,0.352173730182221,0.0144963205207431,TRUE
"anchor_12","HOG:0012056","BDIS","VBRO",0.585227272727273,5050,4759,3704,0.778314772010927,0.318070002147077,0.0144208556849514,TRUE
"anchor_12","HOG:0012056","BDIS","FPRA",0.636363636363636,7021,6658,5292,0.794833283268249,0.351343465147246,0.0149625654474597,TRUE
"anchor_12","HOG:0012056","BSYL","HVUL",0.509803921568627,2701,2599,2003,0.770681031165833,0.23557738033992,0.014399744461187,TRUE
"anchor_12","HOG:0012056","BSYL","HJUB",0.463917525773196,3486,3379,2544,0.75288546907369,0.213484040788161,0.0153684800314554,TRUE
"anchor_12","HOG:0012056","BSYL","BMAX",0.49375,2926,2762,1974,0.714699493120927,0.172696610187343,0.0153353199437015,TRUE
"anchor_12","HOG:0012056","BSYL","BMED",0.450292397660819,2850,2747,2121,0.772115034583182,0.233618108002722,0.0165075677603213,TRUE
"anchor_12","HOG:0012056","BSYL","VBRO",0.506578947368421,2850,2731,2072,0.758696448187477,0.281918461705469,0.0131025760891645,TRUE
"anchor_12","HOG:0012056","BSYL","FPRA",0.427083333333333,3240,3158,2383,0.754591513616213,0.217714498958363,0.0180689548684067,TRUE
"anchor_12","HOG:0012056","HVUL","HJUB",0.561855670103093,5565,5354,4233,0.790623832648487,0.258442222796304,0.0147162673330733,TRUE
"anchor_12","HOG:0012056","HVUL","BMAX",0.592592592592593,4560,4295,3311,0.770896391152503,0.280147492051444,0.0142468019667293,TRUE
"anchor_12","HOG:0012056","HVUL","BMED",0.570588235294118,4371,4253,3385,0.795908770279802,0.305077790734652,0.0146968598373194,TRUE
"anchor_12","HOG:0012056","HVUL","VBRO",0.61038961038961,4278,4083,3181,0.779084006857703,0.271806006592984,0.0138758564934013,TRUE
"anchor_12","HOG:0012056","HVUL","FPRA",0.575268817204301,5151,4937,3990,0.808183107150091,0.314272130535961,0.0151546029340853,TRUE
"anchor_12","HOG:0012056","HJUB","BMAX",0.594871794871795,6670,6218,4529,0.728369250562882,0.346985971557989,0.0137617237806128,TRUE
"anchor_12","HOG:0012056","HJUB","BMED",0.608040201005025,6786,6424,5055,0.786892901618929,0.338674266951231,0.0140053834903221,TRUE
"anchor_12","HOG:0012056","HJUB","VBRO",0.575916230366492,5671,5416,4332,0.799852289512555,0.323690138519193,0.0138765091221553,TRUE
"anchor_12","HOG:0012056","HJUB","FPRA",0.663461538461538,8385,7914,6207,0.784306292645944,0.330550615702571,0.0145697788236769,TRUE
"anchor_12","HOG:0012056","BMAX","BMED",0.608187134502924,5050,4783,3704,0.774409366506377,0.338737629238511,0.0142468748019969,TRUE
"anchor_12","HOG:0012056","BMAX","VBRO",0.580246913580247,4278,4059,3223,0.794037940379404,0.333536219882948,0.013355570545181,TRUE
"anchor_12","HOG:0012056","BMAX","FPRA",0.609625668449198,6105,5671,4200,0.740610121671663,0.351474744968401,0.0149704880475671,TRUE
"anchor_12","HOG:0012056","BMED","VBRO",0.596385542168675,4560,4409,3558,0.806985711045589,0.366726818975359,0.0142074688281995,TRUE
"anchor_12","HOG:0012056","BMED","FPRA",0.64021164021164,6441,6124,5001,0.816623122142391,0.410937360851608,0.0137642339860565,TRUE
"anchor_12","HOG:0012056","VBRO","FPRA",0.598901098901099,5253,5073,4120,0.812142716341415,0.349859116222081,0.0157239565810268,TRUE
